-- phpMyAdmin SQL Dump
-- version 4.9.7
-- https://www.phpmyadmin.net/
--
-- Host: localhost:3306
-- Generation Time: Jan 12, 2022 at 09:16 PM
-- Server version: 10.2.41-MariaDB-cll-lve
-- PHP Version: 7.3.33

SET SQL_MODE = "NO_AUTO_VALUE_ON_ZERO";
SET AUTOCOMMIT = 0;
START TRANSACTION;
SET time_zone = "+00:00";


/*!40101 SET @OLD_CHARACTER_SET_CLIENT=@@CHARACTER_SET_CLIENT */;
/*!40101 SET @OLD_CHARACTER_SET_RESULTS=@@CHARACTER_SET_RESULTS */;
/*!40101 SET @OLD_COLLATION_CONNECTION=@@COLLATION_CONNECTION */;
/*!40101 SET NAMES utf8mb4 */;

--
-- Database: `digd4337_electroshop`
--

-- --------------------------------------------------------

--
-- Table structure for table `cities`
--

CREATE TABLE `cities` (
  `id` bigint(20) UNSIGNED NOT NULL,
  `province_id` bigint(20) UNSIGNED NOT NULL,
  `city_id` bigint(20) UNSIGNED NOT NULL,
  `title` varchar(191) COLLATE utf8mb4_unicode_ci DEFAULT NULL,
  `created_at` timestamp NULL DEFAULT NULL,
  `updated_at` timestamp NULL DEFAULT NULL
) ENGINE=InnoDB DEFAULT CHARSET=utf8mb4 COLLATE=utf8mb4_unicode_ci;

--
-- Dumping data for table `cities`
--

INSERT INTO `cities` (`id`, `province_id`, `city_id`, `title`, `created_at`, `updated_at`) VALUES
(1, 1, 17, 'Badung', '2021-11-07 16:38:49', '2021-11-07 16:38:49'),
(2, 1, 32, 'Bangli', '2021-11-07 16:38:49', '2021-11-07 16:38:49'),
(3, 1, 94, 'Buleleng', '2021-11-07 16:38:49', '2021-11-07 16:38:49'),
(4, 1, 114, 'Denpasar', '2021-11-07 16:38:49', '2021-11-07 16:38:49'),
(5, 1, 128, 'Gianyar', '2021-11-07 16:38:50', '2021-11-07 16:38:50'),
(6, 1, 161, 'Jembrana', '2021-11-07 16:38:50', '2021-11-07 16:38:50'),
(7, 1, 170, 'Karangasem', '2021-11-07 16:38:50', '2021-11-07 16:38:50'),
(8, 1, 197, 'Klungkung', '2021-11-07 16:38:50', '2021-11-07 16:38:50'),
(9, 1, 447, 'Tabanan', '2021-11-07 16:38:50', '2021-11-07 16:38:50'),
(10, 2, 27, 'Bangka', '2021-11-07 16:38:51', '2021-11-07 16:38:51'),
(11, 2, 28, 'Bangka Barat', '2021-11-07 16:38:52', '2021-11-07 16:38:52'),
(12, 2, 29, 'Bangka Selatan', '2021-11-07 16:38:52', '2021-11-07 16:38:52'),
(13, 2, 30, 'Bangka Tengah', '2021-11-07 16:38:52', '2021-11-07 16:38:52'),
(14, 2, 56, 'Belitung', '2021-11-07 16:38:52', '2021-11-07 16:38:52'),
(15, 2, 57, 'Belitung Timur', '2021-11-07 16:38:52', '2021-11-07 16:38:52'),
(16, 2, 334, 'Pangkal Pinang', '2021-11-07 16:38:52', '2021-11-07 16:38:52'),
(17, 3, 106, 'Cilegon', '2021-11-07 16:38:53', '2021-11-07 16:38:53'),
(18, 3, 232, 'Lebak', '2021-11-07 16:38:53', '2021-11-07 16:38:53'),
(19, 3, 331, 'Pandeglang', '2021-11-07 16:38:53', '2021-11-07 16:38:53'),
(20, 3, 402, 'Serang', '2021-11-07 16:38:53', '2021-11-07 16:38:53'),
(21, 3, 403, 'Serang', '2021-11-07 16:38:53', '2021-11-07 16:38:53'),
(22, 3, 455, 'Tangerang', '2021-11-07 16:38:53', '2021-11-07 16:38:53'),
(23, 3, 456, 'Tangerang', '2021-11-07 16:38:54', '2021-11-07 16:38:54'),
(24, 3, 457, 'Tangerang Selatan', '2021-11-07 16:38:54', '2021-11-07 16:38:54'),
(25, 4, 62, 'Bengkulu', '2021-11-07 16:38:55', '2021-11-07 16:38:55'),
(26, 4, 63, 'Bengkulu Selatan', '2021-11-07 16:38:55', '2021-11-07 16:38:55'),
(27, 4, 64, 'Bengkulu Tengah', '2021-11-07 16:38:55', '2021-11-07 16:38:55'),
(28, 4, 65, 'Bengkulu Utara', '2021-11-07 16:38:55', '2021-11-07 16:38:55'),
(29, 4, 175, 'Kaur', '2021-11-07 16:38:55', '2021-11-07 16:38:55'),
(30, 4, 183, 'Kepahiang', '2021-11-07 16:38:55', '2021-11-07 16:38:55'),
(31, 4, 233, 'Lebong', '2021-11-07 16:38:55', '2021-11-07 16:38:55'),
(32, 4, 294, 'Muko Muko', '2021-11-07 16:38:55', '2021-11-07 16:38:55'),
(33, 4, 379, 'Rejang Lebong', '2021-11-07 16:38:55', '2021-11-07 16:38:55'),
(34, 4, 397, 'Seluma', '2021-11-07 16:38:55', '2021-11-07 16:38:55'),
(35, 5, 39, 'Bantul', '2021-11-07 16:38:57', '2021-11-07 16:38:57'),
(36, 5, 135, 'Gunung Kidul', '2021-11-07 16:38:57', '2021-11-07 16:38:57'),
(37, 5, 210, 'Kulon Progo', '2021-11-07 16:38:57', '2021-11-07 16:38:57'),
(38, 5, 419, 'Sleman', '2021-11-07 16:38:57', '2021-11-07 16:38:57'),
(39, 5, 501, 'Yogyakarta', '2021-11-07 16:38:57', '2021-11-07 16:38:57'),
(40, 6, 151, 'Jakarta Barat', '2021-11-07 16:38:58', '2021-11-07 16:38:58'),
(41, 6, 152, 'Jakarta Pusat', '2021-11-07 16:38:58', '2021-11-07 16:38:58'),
(42, 6, 153, 'Jakarta Selatan', '2021-11-07 16:38:58', '2021-11-07 16:38:58'),
(43, 6, 154, 'Jakarta Timur', '2021-11-07 16:38:58', '2021-11-07 16:38:58'),
(44, 6, 155, 'Jakarta Utara', '2021-11-07 16:38:58', '2021-11-07 16:38:58'),
(45, 6, 189, 'Kepulauan Seribu', '2021-11-07 16:38:59', '2021-11-07 16:38:59'),
(46, 7, 77, 'Boalemo', '2021-11-07 16:39:00', '2021-11-07 16:39:00'),
(47, 7, 88, 'Bone Bolango', '2021-11-07 16:39:00', '2021-11-07 16:39:00'),
(48, 7, 129, 'Gorontalo', '2021-11-07 16:39:00', '2021-11-07 16:39:00'),
(49, 7, 130, 'Gorontalo', '2021-11-07 16:39:00', '2021-11-07 16:39:00'),
(50, 7, 131, 'Gorontalo Utara', '2021-11-07 16:39:00', '2021-11-07 16:39:00'),
(51, 7, 361, 'Pohuwato', '2021-11-07 16:39:00', '2021-11-07 16:39:00'),
(52, 8, 50, 'Batang Hari', '2021-11-07 16:39:01', '2021-11-07 16:39:01'),
(53, 8, 97, 'Bungo', '2021-11-07 16:39:02', '2021-11-07 16:39:02'),
(54, 8, 156, 'Jambi', '2021-11-07 16:39:02', '2021-11-07 16:39:02'),
(55, 8, 194, 'Kerinci', '2021-11-07 16:39:02', '2021-11-07 16:39:02'),
(56, 8, 280, 'Merangin', '2021-11-07 16:39:02', '2021-11-07 16:39:02'),
(57, 8, 293, 'Muaro Jambi', '2021-11-07 16:39:02', '2021-11-07 16:39:02'),
(58, 8, 393, 'Sarolangun', '2021-11-07 16:39:02', '2021-11-07 16:39:02'),
(59, 8, 442, 'Sungaipenuh', '2021-11-07 16:39:02', '2021-11-07 16:39:02'),
(60, 8, 460, 'Tanjung Jabung Barat', '2021-11-07 16:39:02', '2021-11-07 16:39:02'),
(61, 8, 461, 'Tanjung Jabung Timur', '2021-11-07 16:39:02', '2021-11-07 16:39:02'),
(62, 8, 471, 'Tebo', '2021-11-07 16:39:02', '2021-11-07 16:39:02'),
(63, 9, 22, 'Bandung', '2021-11-07 16:39:03', '2021-11-07 16:39:03'),
(64, 9, 23, 'Bandung', '2021-11-07 16:39:04', '2021-11-07 16:39:04'),
(65, 9, 24, 'Bandung Barat', '2021-11-07 16:39:04', '2021-11-07 16:39:04'),
(66, 9, 34, 'Banjar', '2021-11-07 16:39:04', '2021-11-07 16:39:04'),
(67, 9, 54, 'Bekasi', '2021-11-07 16:39:04', '2021-11-07 16:39:04'),
(68, 9, 55, 'Bekasi', '2021-11-07 16:39:04', '2021-11-07 16:39:04'),
(69, 9, 78, 'Bogor', '2021-11-07 16:39:04', '2021-11-07 16:39:04'),
(70, 9, 79, 'Bogor', '2021-11-07 16:39:04', '2021-11-07 16:39:04'),
(71, 9, 103, 'Ciamis', '2021-11-07 16:39:04', '2021-11-07 16:39:04'),
(72, 9, 104, 'Cianjur', '2021-11-07 16:39:04', '2021-11-07 16:39:04'),
(73, 9, 107, 'Cimahi', '2021-11-07 16:39:04', '2021-11-07 16:39:04'),
(74, 9, 108, 'Cirebon', '2021-11-07 16:39:04', '2021-11-07 16:39:04'),
(75, 9, 109, 'Cirebon', '2021-11-07 16:39:04', '2021-11-07 16:39:04'),
(76, 9, 115, 'Depok', '2021-11-07 16:39:04', '2021-11-07 16:39:04'),
(77, 9, 126, 'Garut', '2021-11-07 16:39:04', '2021-11-07 16:39:04'),
(78, 9, 149, 'Indramayu', '2021-11-07 16:39:04', '2021-11-07 16:39:04'),
(79, 9, 171, 'Karawang', '2021-11-07 16:39:04', '2021-11-07 16:39:04'),
(80, 9, 211, 'Kuningan', '2021-11-07 16:39:04', '2021-11-07 16:39:04'),
(81, 9, 252, 'Majalengka', '2021-11-07 16:39:04', '2021-11-07 16:39:04'),
(82, 9, 332, 'Pangandaran', '2021-11-07 16:39:04', '2021-11-07 16:39:04'),
(83, 9, 376, 'Purwakarta', '2021-11-07 16:39:04', '2021-11-07 16:39:04'),
(84, 9, 428, 'Subang', '2021-11-07 16:39:05', '2021-11-07 16:39:05'),
(85, 9, 430, 'Sukabumi', '2021-11-07 16:39:05', '2021-11-07 16:39:05'),
(86, 9, 431, 'Sukabumi', '2021-11-07 16:39:05', '2021-11-07 16:39:05'),
(87, 9, 440, 'Sumedang', '2021-11-07 16:39:05', '2021-11-07 16:39:05'),
(88, 9, 468, 'Tasikmalaya', '2021-11-07 16:39:05', '2021-11-07 16:39:05'),
(89, 9, 469, 'Tasikmalaya', '2021-11-07 16:39:05', '2021-11-07 16:39:05'),
(90, 10, 37, 'Banjarnegara', '2021-11-07 16:39:06', '2021-11-07 16:39:06'),
(91, 10, 41, 'Banyumas', '2021-11-07 16:39:06', '2021-11-07 16:39:06'),
(92, 10, 49, 'Batang', '2021-11-07 16:39:06', '2021-11-07 16:39:06'),
(93, 10, 76, 'Blora', '2021-11-07 16:39:06', '2021-11-07 16:39:06'),
(94, 10, 91, 'Boyolali', '2021-11-07 16:39:07', '2021-11-07 16:39:07'),
(95, 10, 92, 'Brebes', '2021-11-07 16:39:07', '2021-11-07 16:39:07'),
(96, 10, 105, 'Cilacap', '2021-11-07 16:39:07', '2021-11-07 16:39:07'),
(97, 10, 113, 'Demak', '2021-11-07 16:39:07', '2021-11-07 16:39:07'),
(98, 10, 134, 'Grobogan', '2021-11-07 16:39:07', '2021-11-07 16:39:07'),
(99, 10, 163, 'Jepara', '2021-11-07 16:39:07', '2021-11-07 16:39:07'),
(100, 10, 169, 'Karanganyar', '2021-11-07 16:39:07', '2021-11-07 16:39:07'),
(101, 10, 177, 'Kebumen', '2021-11-07 16:39:07', '2021-11-07 16:39:07'),
(102, 10, 181, 'Kendal', '2021-11-07 16:39:07', '2021-11-07 16:39:07'),
(103, 10, 196, 'Klaten', '2021-11-07 16:39:07', '2021-11-07 16:39:07'),
(104, 10, 209, 'Kudus', '2021-11-07 16:39:07', '2021-11-07 16:39:07'),
(105, 10, 249, 'Magelang', '2021-11-07 16:39:07', '2021-11-07 16:39:07'),
(106, 10, 250, 'Magelang', '2021-11-07 16:39:07', '2021-11-07 16:39:07'),
(107, 10, 344, 'Pati', '2021-11-07 16:39:07', '2021-11-07 16:39:07'),
(108, 10, 348, 'Pekalongan', '2021-11-07 16:39:07', '2021-11-07 16:39:07'),
(109, 10, 349, 'Pekalongan', '2021-11-07 16:39:07', '2021-11-07 16:39:07'),
(110, 10, 352, 'Pemalang', '2021-11-07 16:39:07', '2021-11-07 16:39:07'),
(111, 10, 375, 'Purbalingga', '2021-11-07 16:39:07', '2021-11-07 16:39:07'),
(112, 10, 377, 'Purworejo', '2021-11-07 16:39:08', '2021-11-07 16:39:08'),
(113, 10, 380, 'Rembang', '2021-11-07 16:39:08', '2021-11-07 16:39:08'),
(114, 10, 386, 'Salatiga', '2021-11-07 16:39:08', '2021-11-07 16:39:08'),
(115, 10, 398, 'Semarang', '2021-11-07 16:39:08', '2021-11-07 16:39:08'),
(116, 10, 399, 'Semarang', '2021-11-07 16:39:08', '2021-11-07 16:39:08'),
(117, 10, 427, 'Sragen', '2021-11-07 16:39:08', '2021-11-07 16:39:08'),
(118, 10, 433, 'Sukoharjo', '2021-11-07 16:39:08', '2021-11-07 16:39:08'),
(119, 10, 445, 'Surakarta (Solo)', '2021-11-07 16:39:08', '2021-11-07 16:39:08'),
(120, 10, 472, 'Tegal', '2021-11-07 16:39:08', '2021-11-07 16:39:08'),
(121, 10, 473, 'Tegal', '2021-11-07 16:39:08', '2021-11-07 16:39:08'),
(122, 10, 476, 'Temanggung', '2021-11-07 16:39:08', '2021-11-07 16:39:08'),
(123, 10, 497, 'Wonogiri', '2021-11-07 16:39:08', '2021-11-07 16:39:08'),
(124, 10, 498, 'Wonosobo', '2021-11-07 16:39:08', '2021-11-07 16:39:08'),
(125, 11, 31, 'Bangkalan', '2021-11-07 16:39:10', '2021-11-07 16:39:10'),
(126, 11, 42, 'Banyuwangi', '2021-11-07 16:39:10', '2021-11-07 16:39:10'),
(127, 11, 51, 'Batu', '2021-11-07 16:39:10', '2021-11-07 16:39:10'),
(128, 11, 74, 'Blitar', '2021-11-07 16:39:10', '2021-11-07 16:39:10'),
(129, 11, 75, 'Blitar', '2021-11-07 16:39:10', '2021-11-07 16:39:10'),
(130, 11, 80, 'Bojonegoro', '2021-11-07 16:39:10', '2021-11-07 16:39:10'),
(131, 11, 86, 'Bondowoso', '2021-11-07 16:39:10', '2021-11-07 16:39:10'),
(132, 11, 133, 'Gresik', '2021-11-07 16:39:10', '2021-11-07 16:39:10'),
(133, 11, 160, 'Jember', '2021-11-07 16:39:10', '2021-11-07 16:39:10'),
(134, 11, 164, 'Jombang', '2021-11-07 16:39:10', '2021-11-07 16:39:10'),
(135, 11, 178, 'Kediri', '2021-11-07 16:39:10', '2021-11-07 16:39:10'),
(136, 11, 179, 'Kediri', '2021-11-07 16:39:10', '2021-11-07 16:39:10'),
(137, 11, 222, 'Lamongan', '2021-11-07 16:39:10', '2021-11-07 16:39:10'),
(138, 11, 243, 'Lumajang', '2021-11-07 16:39:10', '2021-11-07 16:39:10'),
(139, 11, 247, 'Madiun', '2021-11-07 16:39:10', '2021-11-07 16:39:10'),
(140, 11, 248, 'Madiun', '2021-11-07 16:39:11', '2021-11-07 16:39:11'),
(141, 11, 251, 'Magetan', '2021-11-07 16:39:11', '2021-11-07 16:39:11'),
(142, 11, 255, 'Malang', '2021-11-07 16:39:11', '2021-11-07 16:39:11'),
(143, 11, 256, 'Malang', '2021-11-07 16:39:11', '2021-11-07 16:39:11'),
(144, 11, 289, 'Mojokerto', '2021-11-07 16:39:11', '2021-11-07 16:39:11'),
(145, 11, 290, 'Mojokerto', '2021-11-07 16:39:11', '2021-11-07 16:39:11'),
(146, 11, 305, 'Nganjuk', '2021-11-07 16:39:11', '2021-11-07 16:39:11'),
(147, 11, 306, 'Ngawi', '2021-11-07 16:39:11', '2021-11-07 16:39:11'),
(148, 11, 317, 'Pacitan', '2021-11-07 16:39:11', '2021-11-07 16:39:11'),
(149, 11, 330, 'Pamekasan', '2021-11-07 16:39:11', '2021-11-07 16:39:11'),
(150, 11, 342, 'Pasuruan', '2021-11-07 16:39:11', '2021-11-07 16:39:11'),
(151, 11, 343, 'Pasuruan', '2021-11-07 16:39:11', '2021-11-07 16:39:11'),
(152, 11, 363, 'Ponorogo', '2021-11-07 16:39:11', '2021-11-07 16:39:11'),
(153, 11, 369, 'Probolinggo', '2021-11-07 16:39:11', '2021-11-07 16:39:11'),
(154, 11, 370, 'Probolinggo', '2021-11-07 16:39:11', '2021-11-07 16:39:11'),
(155, 11, 390, 'Sampang', '2021-11-07 16:39:11', '2021-11-07 16:39:11'),
(156, 11, 409, 'Sidoarjo', '2021-11-07 16:39:12', '2021-11-07 16:39:12'),
(157, 11, 418, 'Situbondo', '2021-11-07 16:39:12', '2021-11-07 16:39:12'),
(158, 11, 441, 'Sumenep', '2021-11-07 16:39:12', '2021-11-07 16:39:12'),
(159, 11, 444, 'Surabaya', '2021-11-07 16:39:12', '2021-11-07 16:39:12'),
(160, 11, 487, 'Trenggalek', '2021-11-07 16:39:12', '2021-11-07 16:39:12'),
(161, 11, 489, 'Tuban', '2021-11-07 16:39:12', '2021-11-07 16:39:12'),
(162, 11, 492, 'Tulungagung', '2021-11-07 16:39:12', '2021-11-07 16:39:12'),
(163, 12, 61, 'Bengkayang', '2021-11-07 16:39:13', '2021-11-07 16:39:13'),
(164, 12, 168, 'Kapuas Hulu', '2021-11-07 16:39:13', '2021-11-07 16:39:13'),
(165, 12, 176, 'Kayong Utara', '2021-11-07 16:39:13', '2021-11-07 16:39:13'),
(166, 12, 195, 'Ketapang', '2021-11-07 16:39:14', '2021-11-07 16:39:14'),
(167, 12, 208, 'Kubu Raya', '2021-11-07 16:39:14', '2021-11-07 16:39:14'),
(168, 12, 228, 'Landak', '2021-11-07 16:39:14', '2021-11-07 16:39:14'),
(169, 12, 279, 'Melawi', '2021-11-07 16:39:14', '2021-11-07 16:39:14'),
(170, 12, 364, 'Pontianak', '2021-11-07 16:39:14', '2021-11-07 16:39:14'),
(171, 12, 365, 'Pontianak', '2021-11-07 16:39:14', '2021-11-07 16:39:14'),
(172, 12, 388, 'Sambas', '2021-11-07 16:39:14', '2021-11-07 16:39:14'),
(173, 12, 391, 'Sanggau', '2021-11-07 16:39:14', '2021-11-07 16:39:14'),
(174, 12, 395, 'Sekadau', '2021-11-07 16:39:14', '2021-11-07 16:39:14'),
(175, 12, 415, 'Singkawang', '2021-11-07 16:39:14', '2021-11-07 16:39:14'),
(176, 12, 417, 'Sintang', '2021-11-07 16:39:14', '2021-11-07 16:39:14'),
(177, 13, 18, 'Balangan', '2021-11-07 16:39:16', '2021-11-07 16:39:16'),
(178, 13, 33, 'Banjar', '2021-11-07 16:39:16', '2021-11-07 16:39:16'),
(179, 13, 35, 'Banjarbaru', '2021-11-07 16:39:16', '2021-11-07 16:39:16'),
(180, 13, 36, 'Banjarmasin', '2021-11-07 16:39:16', '2021-11-07 16:39:16'),
(181, 13, 43, 'Barito Kuala', '2021-11-07 16:39:16', '2021-11-07 16:39:16'),
(182, 13, 143, 'Hulu Sungai Selatan', '2021-11-07 16:39:16', '2021-11-07 16:39:16'),
(183, 13, 144, 'Hulu Sungai Tengah', '2021-11-07 16:39:16', '2021-11-07 16:39:16'),
(184, 13, 145, 'Hulu Sungai Utara', '2021-11-07 16:39:16', '2021-11-07 16:39:16'),
(185, 13, 203, 'Kotabaru', '2021-11-07 16:39:16', '2021-11-07 16:39:16'),
(186, 13, 446, 'Tabalong', '2021-11-07 16:39:16', '2021-11-07 16:39:16'),
(187, 13, 452, 'Tanah Bumbu', '2021-11-07 16:39:16', '2021-11-07 16:39:16'),
(188, 13, 454, 'Tanah Laut', '2021-11-07 16:39:16', '2021-11-07 16:39:16'),
(189, 13, 466, 'Tapin', '2021-11-07 16:39:16', '2021-11-07 16:39:16'),
(190, 14, 44, 'Barito Selatan', '2021-11-07 16:39:17', '2021-11-07 16:39:17'),
(191, 14, 45, 'Barito Timur', '2021-11-07 16:39:17', '2021-11-07 16:39:17'),
(192, 14, 46, 'Barito Utara', '2021-11-07 16:39:18', '2021-11-07 16:39:18'),
(193, 14, 136, 'Gunung Mas', '2021-11-07 16:39:18', '2021-11-07 16:39:18'),
(194, 14, 167, 'Kapuas', '2021-11-07 16:39:18', '2021-11-07 16:39:18'),
(195, 14, 174, 'Katingan', '2021-11-07 16:39:18', '2021-11-07 16:39:18'),
(196, 14, 205, 'Kotawaringin Barat', '2021-11-07 16:39:18', '2021-11-07 16:39:18'),
(197, 14, 206, 'Kotawaringin Timur', '2021-11-07 16:39:18', '2021-11-07 16:39:18'),
(198, 14, 221, 'Lamandau', '2021-11-07 16:39:18', '2021-11-07 16:39:18'),
(199, 14, 296, 'Murung Raya', '2021-11-07 16:39:18', '2021-11-07 16:39:18'),
(200, 14, 326, 'Palangka Raya', '2021-11-07 16:39:18', '2021-11-07 16:39:18'),
(201, 14, 371, 'Pulang Pisau', '2021-11-07 16:39:18', '2021-11-07 16:39:18'),
(202, 14, 405, 'Seruyan', '2021-11-07 16:39:18', '2021-11-07 16:39:18'),
(203, 14, 432, 'Sukamara', '2021-11-07 16:39:18', '2021-11-07 16:39:18'),
(204, 15, 19, 'Balikpapan', '2021-11-07 16:39:19', '2021-11-07 16:39:19'),
(205, 15, 66, 'Berau', '2021-11-07 16:39:19', '2021-11-07 16:39:19'),
(206, 15, 89, 'Bontang', '2021-11-07 16:39:20', '2021-11-07 16:39:20'),
(207, 15, 214, 'Kutai Barat', '2021-11-07 16:39:20', '2021-11-07 16:39:20'),
(208, 15, 215, 'Kutai Kartanegara', '2021-11-07 16:39:20', '2021-11-07 16:39:20'),
(209, 15, 216, 'Kutai Timur', '2021-11-07 16:39:20', '2021-11-07 16:39:20'),
(210, 15, 341, 'Paser', '2021-11-07 16:39:20', '2021-11-07 16:39:20'),
(211, 15, 354, 'Penajam Paser Utara', '2021-11-07 16:39:20', '2021-11-07 16:39:20'),
(212, 15, 387, 'Samarinda', '2021-11-07 16:39:20', '2021-11-07 16:39:20'),
(213, 16, 96, 'Bulungan (Bulongan)', '2021-11-07 16:39:21', '2021-11-07 16:39:21'),
(214, 16, 257, 'Malinau', '2021-11-07 16:39:21', '2021-11-07 16:39:21'),
(215, 16, 311, 'Nunukan', '2021-11-07 16:39:21', '2021-11-07 16:39:21'),
(216, 16, 450, 'Tana Tidung', '2021-11-07 16:39:21', '2021-11-07 16:39:21'),
(217, 16, 467, 'Tarakan', '2021-11-07 16:39:21', '2021-11-07 16:39:21'),
(218, 17, 48, 'Batam', '2021-11-07 16:39:22', '2021-11-07 16:39:22'),
(219, 17, 71, 'Bintan', '2021-11-07 16:39:23', '2021-11-07 16:39:23'),
(220, 17, 172, 'Karimun', '2021-11-07 16:39:23', '2021-11-07 16:39:23'),
(221, 17, 184, 'Kepulauan Anambas', '2021-11-07 16:39:23', '2021-11-07 16:39:23'),
(222, 17, 237, 'Lingga', '2021-11-07 16:39:23', '2021-11-07 16:39:23'),
(223, 17, 302, 'Natuna', '2021-11-07 16:39:23', '2021-11-07 16:39:23'),
(224, 17, 462, 'Tanjung Pinang', '2021-11-07 16:39:23', '2021-11-07 16:39:23'),
(225, 18, 21, 'Bandar Lampung', '2021-11-07 16:39:24', '2021-11-07 16:39:24'),
(226, 18, 223, 'Lampung Barat', '2021-11-07 16:39:24', '2021-11-07 16:39:24'),
(227, 18, 224, 'Lampung Selatan', '2021-11-07 16:39:24', '2021-11-07 16:39:24'),
(228, 18, 225, 'Lampung Tengah', '2021-11-07 16:39:24', '2021-11-07 16:39:24'),
(229, 18, 226, 'Lampung Timur', '2021-11-07 16:39:24', '2021-11-07 16:39:24'),
(230, 18, 227, 'Lampung Utara', '2021-11-07 16:39:24', '2021-11-07 16:39:24'),
(231, 18, 282, 'Mesuji', '2021-11-07 16:39:24', '2021-11-07 16:39:24'),
(232, 18, 283, 'Metro', '2021-11-07 16:39:24', '2021-11-07 16:39:24'),
(233, 18, 355, 'Pesawaran', '2021-11-07 16:39:25', '2021-11-07 16:39:25'),
(234, 18, 356, 'Pesisir Barat', '2021-11-07 16:39:25', '2021-11-07 16:39:25'),
(235, 18, 368, 'Pringsewu', '2021-11-07 16:39:25', '2021-11-07 16:39:25'),
(236, 18, 458, 'Tanggamus', '2021-11-07 16:39:25', '2021-11-07 16:39:25'),
(237, 18, 490, 'Tulang Bawang', '2021-11-07 16:39:25', '2021-11-07 16:39:25'),
(238, 18, 491, 'Tulang Bawang Barat', '2021-11-07 16:39:25', '2021-11-07 16:39:25'),
(239, 18, 496, 'Way Kanan', '2021-11-07 16:39:25', '2021-11-07 16:39:25'),
(240, 19, 14, 'Ambon', '2021-11-07 16:39:26', '2021-11-07 16:39:26'),
(241, 19, 99, 'Buru', '2021-11-07 16:39:26', '2021-11-07 16:39:26'),
(242, 19, 100, 'Buru Selatan', '2021-11-07 16:39:26', '2021-11-07 16:39:26'),
(243, 19, 185, 'Kepulauan Aru', '2021-11-07 16:39:26', '2021-11-07 16:39:26'),
(244, 19, 258, 'Maluku Barat Daya', '2021-11-07 16:39:26', '2021-11-07 16:39:26'),
(245, 19, 259, 'Maluku Tengah', '2021-11-07 16:39:26', '2021-11-07 16:39:26'),
(246, 19, 260, 'Maluku Tenggara', '2021-11-07 16:39:26', '2021-11-07 16:39:26'),
(247, 19, 261, 'Maluku Tenggara Barat', '2021-11-07 16:39:26', '2021-11-07 16:39:26'),
(248, 19, 400, 'Seram Bagian Barat', '2021-11-07 16:39:27', '2021-11-07 16:39:27'),
(249, 19, 401, 'Seram Bagian Timur', '2021-11-07 16:39:27', '2021-11-07 16:39:27'),
(250, 19, 488, 'Tual', '2021-11-07 16:39:27', '2021-11-07 16:39:27'),
(251, 20, 138, 'Halmahera Barat', '2021-11-07 16:39:28', '2021-11-07 16:39:28'),
(252, 20, 139, 'Halmahera Selatan', '2021-11-07 16:39:28', '2021-11-07 16:39:28'),
(253, 20, 140, 'Halmahera Tengah', '2021-11-07 16:39:28', '2021-11-07 16:39:28'),
(254, 20, 141, 'Halmahera Timur', '2021-11-07 16:39:28', '2021-11-07 16:39:28'),
(255, 20, 142, 'Halmahera Utara', '2021-11-07 16:39:28', '2021-11-07 16:39:28'),
(256, 20, 191, 'Kepulauan Sula', '2021-11-07 16:39:28', '2021-11-07 16:39:28'),
(257, 20, 372, 'Pulau Morotai', '2021-11-07 16:39:28', '2021-11-07 16:39:28'),
(258, 20, 477, 'Ternate', '2021-11-07 16:39:28', '2021-11-07 16:39:28'),
(259, 20, 478, 'Tidore Kepulauan', '2021-11-07 16:39:28', '2021-11-07 16:39:28'),
(260, 21, 1, 'Aceh Barat', '2021-11-07 16:39:30', '2021-11-07 16:39:30'),
(261, 21, 2, 'Aceh Barat Daya', '2021-11-07 16:39:30', '2021-11-07 16:39:30'),
(262, 21, 3, 'Aceh Besar', '2021-11-07 16:39:30', '2021-11-07 16:39:30'),
(263, 21, 4, 'Aceh Jaya', '2021-11-07 16:39:30', '2021-11-07 16:39:30'),
(264, 21, 5, 'Aceh Selatan', '2021-11-07 16:39:30', '2021-11-07 16:39:30'),
(265, 21, 6, 'Aceh Singkil', '2021-11-07 16:39:30', '2021-11-07 16:39:30'),
(266, 21, 7, 'Aceh Tamiang', '2021-11-07 16:39:30', '2021-11-07 16:39:30'),
(267, 21, 8, 'Aceh Tengah', '2021-11-07 16:39:30', '2021-11-07 16:39:30'),
(268, 21, 9, 'Aceh Tenggara', '2021-11-07 16:39:30', '2021-11-07 16:39:30'),
(269, 21, 10, 'Aceh Timur', '2021-11-07 16:39:30', '2021-11-07 16:39:30'),
(270, 21, 11, 'Aceh Utara', '2021-11-07 16:39:30', '2021-11-07 16:39:30'),
(271, 21, 20, 'Banda Aceh', '2021-11-07 16:39:30', '2021-11-07 16:39:30'),
(272, 21, 59, 'Bener Meriah', '2021-11-07 16:39:30', '2021-11-07 16:39:30'),
(273, 21, 72, 'Bireuen', '2021-11-07 16:39:30', '2021-11-07 16:39:30'),
(274, 21, 127, 'Gayo Lues', '2021-11-07 16:39:30', '2021-11-07 16:39:30'),
(275, 21, 230, 'Langsa', '2021-11-07 16:39:30', '2021-11-07 16:39:30'),
(276, 21, 235, 'Lhokseumawe', '2021-11-07 16:39:30', '2021-11-07 16:39:30'),
(277, 21, 300, 'Nagan Raya', '2021-11-07 16:39:31', '2021-11-07 16:39:31'),
(278, 21, 358, 'Pidie', '2021-11-07 16:39:31', '2021-11-07 16:39:31'),
(279, 21, 359, 'Pidie Jaya', '2021-11-07 16:39:31', '2021-11-07 16:39:31'),
(280, 21, 384, 'Sabang', '2021-11-07 16:39:31', '2021-11-07 16:39:31'),
(281, 21, 414, 'Simeulue', '2021-11-07 16:39:31', '2021-11-07 16:39:31'),
(282, 21, 429, 'Subulussalam', '2021-11-07 16:39:31', '2021-11-07 16:39:31'),
(283, 22, 68, 'Bima', '2021-11-07 16:39:32', '2021-11-07 16:39:32'),
(284, 22, 69, 'Bima', '2021-11-07 16:39:32', '2021-11-07 16:39:32'),
(285, 22, 118, 'Dompu', '2021-11-07 16:39:32', '2021-11-07 16:39:32'),
(286, 22, 238, 'Lombok Barat', '2021-11-07 16:39:32', '2021-11-07 16:39:32'),
(287, 22, 239, 'Lombok Tengah', '2021-11-07 16:39:32', '2021-11-07 16:39:32'),
(288, 22, 240, 'Lombok Timur', '2021-11-07 16:39:32', '2021-11-07 16:39:32'),
(289, 22, 241, 'Lombok Utara', '2021-11-07 16:39:32', '2021-11-07 16:39:32'),
(290, 22, 276, 'Mataram', '2021-11-07 16:39:32', '2021-11-07 16:39:32'),
(291, 22, 438, 'Sumbawa', '2021-11-07 16:39:32', '2021-11-07 16:39:32'),
(292, 22, 439, 'Sumbawa Barat', '2021-11-07 16:39:33', '2021-11-07 16:39:33'),
(293, 23, 13, 'Alor', '2021-11-07 16:39:34', '2021-11-07 16:39:34'),
(294, 23, 58, 'Belu', '2021-11-07 16:39:34', '2021-11-07 16:39:34'),
(295, 23, 122, 'Ende', '2021-11-07 16:39:34', '2021-11-07 16:39:34'),
(296, 23, 125, 'Flores Timur', '2021-11-07 16:39:34', '2021-11-07 16:39:34'),
(297, 23, 212, 'Kupang', '2021-11-07 16:39:34', '2021-11-07 16:39:34'),
(298, 23, 213, 'Kupang', '2021-11-07 16:39:34', '2021-11-07 16:39:34'),
(299, 23, 234, 'Lembata', '2021-11-07 16:39:34', '2021-11-07 16:39:34'),
(300, 23, 269, 'Manggarai', '2021-11-07 16:39:34', '2021-11-07 16:39:34'),
(301, 23, 270, 'Manggarai Barat', '2021-11-07 16:39:34', '2021-11-07 16:39:34'),
(302, 23, 271, 'Manggarai Timur', '2021-11-07 16:39:35', '2021-11-07 16:39:35'),
(303, 23, 301, 'Nagekeo', '2021-11-07 16:39:35', '2021-11-07 16:39:35'),
(304, 23, 304, 'Ngada', '2021-11-07 16:39:35', '2021-11-07 16:39:35'),
(305, 23, 383, 'Rote Ndao', '2021-11-07 16:39:35', '2021-11-07 16:39:35'),
(306, 23, 385, 'Sabu Raijua', '2021-11-07 16:39:35', '2021-11-07 16:39:35'),
(307, 23, 412, 'Sikka', '2021-11-07 16:39:35', '2021-11-07 16:39:35'),
(308, 23, 434, 'Sumba Barat', '2021-11-07 16:39:35', '2021-11-07 16:39:35'),
(309, 23, 435, 'Sumba Barat Daya', '2021-11-07 16:39:35', '2021-11-07 16:39:35'),
(310, 23, 436, 'Sumba Tengah', '2021-11-07 16:39:35', '2021-11-07 16:39:35'),
(311, 23, 437, 'Sumba Timur', '2021-11-07 16:39:35', '2021-11-07 16:39:35'),
(312, 23, 479, 'Timor Tengah Selatan', '2021-11-07 16:39:35', '2021-11-07 16:39:35'),
(313, 23, 480, 'Timor Tengah Utara', '2021-11-07 16:39:35', '2021-11-07 16:39:35'),
(314, 24, 16, 'Asmat', '2021-11-07 16:39:37', '2021-11-07 16:39:37'),
(315, 24, 67, 'Biak Numfor', '2021-11-07 16:39:37', '2021-11-07 16:39:37'),
(316, 24, 90, 'Boven Digoel', '2021-11-07 16:39:37', '2021-11-07 16:39:37'),
(317, 24, 111, 'Deiyai (Deliyai)', '2021-11-07 16:39:37', '2021-11-07 16:39:37'),
(318, 24, 117, 'Dogiyai', '2021-11-07 16:39:37', '2021-11-07 16:39:37'),
(319, 24, 150, 'Intan Jaya', '2021-11-07 16:39:37', '2021-11-07 16:39:37'),
(320, 24, 157, 'Jayapura', '2021-11-07 16:39:37', '2021-11-07 16:39:37'),
(321, 24, 158, 'Jayapura', '2021-11-07 16:39:37', '2021-11-07 16:39:37'),
(322, 24, 159, 'Jayawijaya', '2021-11-07 16:39:37', '2021-11-07 16:39:37'),
(323, 24, 180, 'Keerom', '2021-11-07 16:39:37', '2021-11-07 16:39:37'),
(324, 24, 193, 'Kepulauan Yapen (Yapen Waropen)', '2021-11-07 16:39:37', '2021-11-07 16:39:37'),
(325, 24, 231, 'Lanny Jaya', '2021-11-07 16:39:37', '2021-11-07 16:39:37'),
(326, 24, 263, 'Mamberamo Raya', '2021-11-07 16:39:37', '2021-11-07 16:39:37'),
(327, 24, 264, 'Mamberamo Tengah', '2021-11-07 16:39:38', '2021-11-07 16:39:38'),
(328, 24, 274, 'Mappi', '2021-11-07 16:39:38', '2021-11-07 16:39:38'),
(329, 24, 281, 'Merauke', '2021-11-07 16:39:38', '2021-11-07 16:39:38'),
(330, 24, 284, 'Mimika', '2021-11-07 16:39:38', '2021-11-07 16:39:38'),
(331, 24, 299, 'Nabire', '2021-11-07 16:39:38', '2021-11-07 16:39:38'),
(332, 24, 303, 'Nduga', '2021-11-07 16:39:38', '2021-11-07 16:39:38'),
(333, 24, 335, 'Paniai', '2021-11-07 16:39:38', '2021-11-07 16:39:38'),
(334, 24, 347, 'Pegunungan Bintang', '2021-11-07 16:39:38', '2021-11-07 16:39:38'),
(335, 24, 373, 'Puncak', '2021-11-07 16:39:38', '2021-11-07 16:39:38'),
(336, 24, 374, 'Puncak Jaya', '2021-11-07 16:39:38', '2021-11-07 16:39:38'),
(337, 24, 392, 'Sarmi', '2021-11-07 16:39:38', '2021-11-07 16:39:38'),
(338, 24, 443, 'Supiori', '2021-11-07 16:39:38', '2021-11-07 16:39:38'),
(339, 24, 484, 'Tolikara', '2021-11-07 16:39:38', '2021-11-07 16:39:38'),
(340, 24, 495, 'Waropen', '2021-11-07 16:39:38', '2021-11-07 16:39:38'),
(341, 24, 499, 'Yahukimo', '2021-11-07 16:39:38', '2021-11-07 16:39:38'),
(342, 24, 500, 'Yalimo', '2021-11-07 16:39:38', '2021-11-07 16:39:38'),
(343, 25, 124, 'Fakfak', '2021-11-07 16:39:40', '2021-11-07 16:39:40'),
(344, 25, 165, 'Kaimana', '2021-11-07 16:39:40', '2021-11-07 16:39:40'),
(345, 25, 272, 'Manokwari', '2021-11-07 16:39:40', '2021-11-07 16:39:40'),
(346, 25, 273, 'Manokwari Selatan', '2021-11-07 16:39:40', '2021-11-07 16:39:40'),
(347, 25, 277, 'Maybrat', '2021-11-07 16:39:40', '2021-11-07 16:39:40'),
(348, 25, 346, 'Pegunungan Arfak', '2021-11-07 16:39:40', '2021-11-07 16:39:40'),
(349, 25, 378, 'Raja Ampat', '2021-11-07 16:39:40', '2021-11-07 16:39:40'),
(350, 25, 424, 'Sorong', '2021-11-07 16:39:40', '2021-11-07 16:39:40'),
(351, 25, 425, 'Sorong', '2021-11-07 16:39:40', '2021-11-07 16:39:40'),
(352, 25, 426, 'Sorong Selatan', '2021-11-07 16:39:40', '2021-11-07 16:39:40'),
(353, 25, 449, 'Tambrauw', '2021-11-07 16:39:40', '2021-11-07 16:39:40'),
(354, 25, 474, 'Teluk Bintuni', '2021-11-07 16:39:40', '2021-11-07 16:39:40'),
(355, 25, 475, 'Teluk Wondama', '2021-11-07 16:39:40', '2021-11-07 16:39:40'),
(356, 26, 60, 'Bengkalis', '2021-11-07 16:39:41', '2021-11-07 16:39:41'),
(357, 26, 120, 'Dumai', '2021-11-07 16:39:42', '2021-11-07 16:39:42'),
(358, 26, 147, 'Indragiri Hilir', '2021-11-07 16:39:42', '2021-11-07 16:39:42'),
(359, 26, 148, 'Indragiri Hulu', '2021-11-07 16:39:42', '2021-11-07 16:39:42'),
(360, 26, 166, 'Kampar', '2021-11-07 16:39:42', '2021-11-07 16:39:42'),
(361, 26, 187, 'Kepulauan Meranti', '2021-11-07 16:39:42', '2021-11-07 16:39:42'),
(362, 26, 207, 'Kuantan Singingi', '2021-11-07 16:39:42', '2021-11-07 16:39:42'),
(363, 26, 350, 'Pekanbaru', '2021-11-07 16:39:42', '2021-11-07 16:39:42'),
(364, 26, 351, 'Pelalawan', '2021-11-07 16:39:42', '2021-11-07 16:39:42'),
(365, 26, 381, 'Rokan Hilir', '2021-11-07 16:39:42', '2021-11-07 16:39:42'),
(366, 26, 382, 'Rokan Hulu', '2021-11-07 16:39:42', '2021-11-07 16:39:42'),
(367, 26, 406, 'Siak', '2021-11-07 16:39:42', '2021-11-07 16:39:42'),
(368, 27, 253, 'Majene', '2021-11-07 16:39:43', '2021-11-07 16:39:43'),
(369, 27, 262, 'Mamasa', '2021-11-07 16:39:43', '2021-11-07 16:39:43'),
(370, 27, 265, 'Mamuju', '2021-11-07 16:39:43', '2021-11-07 16:39:43'),
(371, 27, 266, 'Mamuju Utara', '2021-11-07 16:39:43', '2021-11-07 16:39:43'),
(372, 27, 362, 'Polewali Mandar', '2021-11-07 16:39:43', '2021-11-07 16:39:43'),
(373, 28, 38, 'Bantaeng', '2021-11-07 16:39:45', '2021-11-07 16:39:45'),
(374, 28, 47, 'Barru', '2021-11-07 16:39:45', '2021-11-07 16:39:45'),
(375, 28, 87, 'Bone', '2021-11-07 16:39:45', '2021-11-07 16:39:45'),
(376, 28, 95, 'Bulukumba', '2021-11-07 16:39:45', '2021-11-07 16:39:45'),
(377, 28, 123, 'Enrekang', '2021-11-07 16:39:45', '2021-11-07 16:39:45'),
(378, 28, 132, 'Gowa', '2021-11-07 16:39:45', '2021-11-07 16:39:45'),
(379, 28, 162, 'Jeneponto', '2021-11-07 16:39:45', '2021-11-07 16:39:45'),
(380, 28, 244, 'Luwu', '2021-11-07 16:39:45', '2021-11-07 16:39:45'),
(381, 28, 245, 'Luwu Timur', '2021-11-07 16:39:45', '2021-11-07 16:39:45'),
(382, 28, 246, 'Luwu Utara', '2021-11-07 16:39:45', '2021-11-07 16:39:45'),
(383, 28, 254, 'Makassar', '2021-11-07 16:39:45', '2021-11-07 16:39:45'),
(384, 28, 275, 'Maros', '2021-11-07 16:39:45', '2021-11-07 16:39:45'),
(385, 28, 328, 'Palopo', '2021-11-07 16:39:45', '2021-11-07 16:39:45'),
(386, 28, 333, 'Pangkajene Kepulauan', '2021-11-07 16:39:46', '2021-11-07 16:39:46'),
(387, 28, 336, 'Parepare', '2021-11-07 16:39:46', '2021-11-07 16:39:46'),
(388, 28, 360, 'Pinrang', '2021-11-07 16:39:46', '2021-11-07 16:39:46'),
(389, 28, 396, 'Selayar (Kepulauan Selayar)', '2021-11-07 16:39:46', '2021-11-07 16:39:46'),
(390, 28, 408, 'Sidenreng Rappang/Rapang', '2021-11-07 16:39:46', '2021-11-07 16:39:46'),
(391, 28, 416, 'Sinjai', '2021-11-07 16:39:46', '2021-11-07 16:39:46'),
(392, 28, 423, 'Soppeng', '2021-11-07 16:39:46', '2021-11-07 16:39:46'),
(393, 28, 448, 'Takalar', '2021-11-07 16:39:46', '2021-11-07 16:39:46'),
(394, 28, 451, 'Tana Toraja', '2021-11-07 16:39:46', '2021-11-07 16:39:46'),
(395, 28, 486, 'Toraja Utara', '2021-11-07 16:39:46', '2021-11-07 16:39:46'),
(396, 28, 493, 'Wajo', '2021-11-07 16:39:46', '2021-11-07 16:39:46'),
(397, 29, 25, 'Banggai', '2021-11-07 16:39:48', '2021-11-07 16:39:48'),
(398, 29, 26, 'Banggai Kepulauan', '2021-11-07 16:39:48', '2021-11-07 16:39:48'),
(399, 29, 98, 'Buol', '2021-11-07 16:39:48', '2021-11-07 16:39:48'),
(400, 29, 119, 'Donggala', '2021-11-07 16:39:48', '2021-11-07 16:39:48'),
(401, 29, 291, 'Morowali', '2021-11-07 16:39:48', '2021-11-07 16:39:48'),
(402, 29, 329, 'Palu', '2021-11-07 16:39:48', '2021-11-07 16:39:48'),
(403, 29, 338, 'Parigi Moutong', '2021-11-07 16:39:48', '2021-11-07 16:39:48'),
(404, 29, 366, 'Poso', '2021-11-07 16:39:48', '2021-11-07 16:39:48'),
(405, 29, 410, 'Sigi', '2021-11-07 16:39:48', '2021-11-07 16:39:48'),
(406, 29, 482, 'Tojo Una-Una', '2021-11-07 16:39:48', '2021-11-07 16:39:48'),
(407, 29, 483, 'Toli-Toli', '2021-11-07 16:39:48', '2021-11-07 16:39:48'),
(408, 30, 53, 'Bau-Bau', '2021-11-07 16:39:50', '2021-11-07 16:39:50'),
(409, 30, 85, 'Bombana', '2021-11-07 16:39:50', '2021-11-07 16:39:50'),
(410, 30, 101, 'Buton', '2021-11-07 16:39:50', '2021-11-07 16:39:50'),
(411, 30, 102, 'Buton Utara', '2021-11-07 16:39:50', '2021-11-07 16:39:50'),
(412, 30, 182, 'Kendari', '2021-11-07 16:39:50', '2021-11-07 16:39:50'),
(413, 30, 198, 'Kolaka', '2021-11-07 16:39:50', '2021-11-07 16:39:50'),
(414, 30, 199, 'Kolaka Utara', '2021-11-07 16:39:50', '2021-11-07 16:39:50'),
(415, 30, 200, 'Konawe', '2021-11-07 16:39:50', '2021-11-07 16:39:50'),
(416, 30, 201, 'Konawe Selatan', '2021-11-07 16:39:50', '2021-11-07 16:39:50'),
(417, 30, 202, 'Konawe Utara', '2021-11-07 16:39:50', '2021-11-07 16:39:50'),
(418, 30, 295, 'Muna', '2021-11-07 16:39:50', '2021-11-07 16:39:50'),
(419, 30, 494, 'Wakatobi', '2021-11-07 16:39:50', '2021-11-07 16:39:50'),
(420, 31, 73, 'Bitung', '2021-11-07 16:39:51', '2021-11-07 16:39:51'),
(421, 31, 81, 'Bolaang Mongondow (Bolmong)', '2021-11-07 16:39:51', '2021-11-07 16:39:51'),
(422, 31, 82, 'Bolaang Mongondow Selatan', '2021-11-07 16:39:52', '2021-11-07 16:39:52'),
(423, 31, 83, 'Bolaang Mongondow Timur', '2021-11-07 16:39:52', '2021-11-07 16:39:52'),
(424, 31, 84, 'Bolaang Mongondow Utara', '2021-11-07 16:39:52', '2021-11-07 16:39:52'),
(425, 31, 188, 'Kepulauan Sangihe', '2021-11-07 16:39:52', '2021-11-07 16:39:52'),
(426, 31, 190, 'Kepulauan Siau Tagulandang Biaro (Sitaro)', '2021-11-07 16:39:52', '2021-11-07 16:39:52'),
(427, 31, 192, 'Kepulauan Talaud', '2021-11-07 16:39:52', '2021-11-07 16:39:52'),
(428, 31, 204, 'Kotamobagu', '2021-11-07 16:39:52', '2021-11-07 16:39:52'),
(429, 31, 267, 'Manado', '2021-11-07 16:39:52', '2021-11-07 16:39:52'),
(430, 31, 285, 'Minahasa', '2021-11-07 16:39:52', '2021-11-07 16:39:52'),
(431, 31, 286, 'Minahasa Selatan', '2021-11-07 16:39:52', '2021-11-07 16:39:52'),
(432, 31, 287, 'Minahasa Tenggara', '2021-11-07 16:39:52', '2021-11-07 16:39:52'),
(433, 31, 288, 'Minahasa Utara', '2021-11-07 16:39:52', '2021-11-07 16:39:52'),
(434, 31, 485, 'Tomohon', '2021-11-07 16:39:52', '2021-11-07 16:39:52'),
(435, 32, 12, 'Agam', '2021-11-07 16:39:53', '2021-11-07 16:39:53'),
(436, 32, 93, 'Bukittinggi', '2021-11-07 16:39:53', '2021-11-07 16:39:53'),
(437, 32, 116, 'Dharmasraya', '2021-11-07 16:39:54', '2021-11-07 16:39:54'),
(438, 32, 186, 'Kepulauan Mentawai', '2021-11-07 16:39:54', '2021-11-07 16:39:54'),
(439, 32, 236, 'Lima Puluh Koto/Kota', '2021-11-07 16:39:54', '2021-11-07 16:39:54'),
(440, 32, 318, 'Padang', '2021-11-07 16:39:54', '2021-11-07 16:39:54'),
(441, 32, 321, 'Padang Panjang', '2021-11-07 16:39:54', '2021-11-07 16:39:54'),
(442, 32, 322, 'Padang Pariaman', '2021-11-07 16:39:54', '2021-11-07 16:39:54'),
(443, 32, 337, 'Pariaman', '2021-11-07 16:39:54', '2021-11-07 16:39:54'),
(444, 32, 339, 'Pasaman', '2021-11-07 16:39:54', '2021-11-07 16:39:54'),
(445, 32, 340, 'Pasaman Barat', '2021-11-07 16:39:54', '2021-11-07 16:39:54'),
(446, 32, 345, 'Payakumbuh', '2021-11-07 16:39:54', '2021-11-07 16:39:54'),
(447, 32, 357, 'Pesisir Selatan', '2021-11-07 16:39:54', '2021-11-07 16:39:54'),
(448, 32, 394, 'Sawah Lunto', '2021-11-07 16:39:54', '2021-11-07 16:39:54'),
(449, 32, 411, 'Sijunjung (Sawah Lunto Sijunjung)', '2021-11-07 16:39:54', '2021-11-07 16:39:54'),
(450, 32, 420, 'Solok', '2021-11-07 16:39:54', '2021-11-07 16:39:54'),
(451, 32, 421, 'Solok', '2021-11-07 16:39:54', '2021-11-07 16:39:54'),
(452, 32, 422, 'Solok Selatan', '2021-11-07 16:39:54', '2021-11-07 16:39:54'),
(453, 32, 453, 'Tanah Datar', '2021-11-07 16:39:55', '2021-11-07 16:39:55'),
(454, 33, 40, 'Banyuasin', '2021-11-07 16:39:56', '2021-11-07 16:39:56'),
(455, 33, 121, 'Empat Lawang', '2021-11-07 16:39:56', '2021-11-07 16:39:56'),
(456, 33, 220, 'Lahat', '2021-11-07 16:39:56', '2021-11-07 16:39:56'),
(457, 33, 242, 'Lubuk Linggau', '2021-11-07 16:39:56', '2021-11-07 16:39:56'),
(458, 33, 292, 'Muara Enim', '2021-11-07 16:39:56', '2021-11-07 16:39:56'),
(459, 33, 297, 'Musi Banyuasin', '2021-11-07 16:39:56', '2021-11-07 16:39:56'),
(460, 33, 298, 'Musi Rawas', '2021-11-07 16:39:56', '2021-11-07 16:39:56'),
(461, 33, 312, 'Ogan Ilir', '2021-11-07 16:39:56', '2021-11-07 16:39:56'),
(462, 33, 313, 'Ogan Komering Ilir', '2021-11-07 16:39:56', '2021-11-07 16:39:56'),
(463, 33, 314, 'Ogan Komering Ulu', '2021-11-07 16:39:56', '2021-11-07 16:39:56'),
(464, 33, 315, 'Ogan Komering Ulu Selatan', '2021-11-07 16:39:56', '2021-11-07 16:39:56'),
(465, 33, 316, 'Ogan Komering Ulu Timur', '2021-11-07 16:39:56', '2021-11-07 16:39:56'),
(466, 33, 324, 'Pagar Alam', '2021-11-07 16:39:57', '2021-11-07 16:39:57'),
(467, 33, 327, 'Palembang', '2021-11-07 16:39:57', '2021-11-07 16:39:57'),
(468, 33, 367, 'Prabumulih', '2021-11-07 16:39:57', '2021-11-07 16:39:57'),
(469, 34, 15, 'Asahan', '2021-11-07 16:39:58', '2021-11-07 16:39:58'),
(470, 34, 52, 'Batu Bara', '2021-11-07 16:39:58', '2021-11-07 16:39:58'),
(471, 34, 70, 'Binjai', '2021-11-07 16:39:58', '2021-11-07 16:39:58'),
(472, 34, 110, 'Dairi', '2021-11-07 16:39:58', '2021-11-07 16:39:58'),
(473, 34, 112, 'Deli Serdang', '2021-11-07 16:39:58', '2021-11-07 16:39:58'),
(474, 34, 137, 'Gunungsitoli', '2021-11-07 16:39:58', '2021-11-07 16:39:58'),
(475, 34, 146, 'Humbang Hasundutan', '2021-11-07 16:39:58', '2021-11-07 16:39:58'),
(476, 34, 173, 'Karo', '2021-11-07 16:39:58', '2021-11-07 16:39:58'),
(477, 34, 217, 'Labuhan Batu', '2021-11-07 16:39:58', '2021-11-07 16:39:58'),
(478, 34, 218, 'Labuhan Batu Selatan', '2021-11-07 16:39:59', '2021-11-07 16:39:59'),
(479, 34, 219, 'Labuhan Batu Utara', '2021-11-07 16:39:59', '2021-11-07 16:39:59'),
(480, 34, 229, 'Langkat', '2021-11-07 16:39:59', '2021-11-07 16:39:59'),
(481, 34, 268, 'Mandailing Natal', '2021-11-07 16:39:59', '2021-11-07 16:39:59'),
(482, 34, 278, 'Medan', '2021-11-07 16:39:59', '2021-11-07 16:39:59'),
(483, 34, 307, 'Nias', '2021-11-07 16:39:59', '2021-11-07 16:39:59'),
(484, 34, 308, 'Nias Barat', '2021-11-07 16:39:59', '2021-11-07 16:39:59'),
(485, 34, 309, 'Nias Selatan', '2021-11-07 16:39:59', '2021-11-07 16:39:59'),
(486, 34, 310, 'Nias Utara', '2021-11-07 16:39:59', '2021-11-07 16:39:59'),
(487, 34, 319, 'Padang Lawas', '2021-11-07 16:39:59', '2021-11-07 16:39:59'),
(488, 34, 320, 'Padang Lawas Utara', '2021-11-07 16:39:59', '2021-11-07 16:39:59'),
(489, 34, 323, 'Padang Sidempuan', '2021-11-07 16:39:59', '2021-11-07 16:39:59'),
(490, 34, 325, 'Pakpak Bharat', '2021-11-07 16:39:59', '2021-11-07 16:39:59'),
(491, 34, 353, 'Pematang Siantar', '2021-11-07 16:39:59', '2021-11-07 16:39:59'),
(492, 34, 389, 'Samosir', '2021-11-07 16:39:59', '2021-11-07 16:39:59'),
(493, 34, 404, 'Serdang Bedagai', '2021-11-07 16:39:59', '2021-11-07 16:39:59'),
(494, 34, 407, 'Sibolga', '2021-11-07 16:40:00', '2021-11-07 16:40:00'),
(495, 34, 413, 'Simalungun', '2021-11-07 16:40:00', '2021-11-07 16:40:00'),
(496, 34, 459, 'Tanjung Balai', '2021-11-07 16:40:00', '2021-11-07 16:40:00'),
(497, 34, 463, 'Tapanuli Selatan', '2021-11-07 16:40:00', '2021-11-07 16:40:00'),
(498, 34, 464, 'Tapanuli Tengah', '2021-11-07 16:40:00', '2021-11-07 16:40:00'),
(499, 34, 465, 'Tapanuli Utara', '2021-11-07 16:40:00', '2021-11-07 16:40:00'),
(500, 34, 470, 'Tebing Tinggi', '2021-11-07 16:40:00', '2021-11-07 16:40:00'),
(501, 34, 481, 'Toba Samosir', '2021-11-07 16:40:00', '2021-11-07 16:40:00');

-- --------------------------------------------------------

--
-- Table structure for table `couriers`
--

CREATE TABLE `couriers` (
  `id` bigint(20) UNSIGNED NOT NULL,
  `code` varchar(191) COLLATE utf8mb4_unicode_ci DEFAULT NULL,
  `title` varchar(191) COLLATE utf8mb4_unicode_ci DEFAULT NULL,
  `created_at` timestamp NULL DEFAULT NULL,
  `updated_at` timestamp NULL DEFAULT NULL
) ENGINE=InnoDB DEFAULT CHARSET=utf8mb4 COLLATE=utf8mb4_unicode_ci;

--
-- Dumping data for table `couriers`
--

INSERT INTO `couriers` (`id`, `code`, `title`, `created_at`, `updated_at`) VALUES
(1, 'jne', 'JNE', NULL, NULL),
(2, 'pos', 'POS', NULL, NULL),
(3, 'tiki', 'TIKI', NULL, NULL);

-- --------------------------------------------------------

--
-- Table structure for table `error_logs`
--

CREATE TABLE `error_logs` (
  `id` bigint(20) UNSIGNED NOT NULL,
  `exception_class` text COLLATE utf8mb4_unicode_ci DEFAULT NULL,
  `message` text COLLATE utf8mb4_unicode_ci DEFAULT NULL,
  `stack_trace` text COLLATE utf8mb4_unicode_ci DEFAULT NULL,
  `url` text COLLATE utf8mb4_unicode_ci DEFAULT NULL,
  `user_id` bigint(20) UNSIGNED DEFAULT NULL,
  `created_at` timestamp NULL DEFAULT NULL,
  `updated_at` timestamp NULL DEFAULT NULL
) ENGINE=InnoDB DEFAULT CHARSET=utf8mb4 COLLATE=utf8mb4_unicode_ci;

--
-- Dumping data for table `error_logs`
--

INSERT INTO `error_logs` (`id`, `exception_class`, `message`, `stack_trace`, `url`, `user_id`, `created_at`, `updated_at`) VALUES
(1, 'GuzzleHttp\\Exception\\ClientException', 'Client error: `POST https://sandbox.ipaymu.com/api/v2/payment` resulted in a `401 Unauthorized` response:\n{\"Status\":401,\"Message\":\"unauthorized\"}\n', '[{\"file\":\"\\/home\\/digd4337\\/electroshop\\/vendor\\/guzzlehttp\\/guzzle\\/src\\/Middleware.php\",\"line\":69,\"function\":\"create\",\"class\":\"GuzzleHttp\\\\Exception\\\\RequestException\",\"type\":\"::\"},{\"file\":\"\\/home\\/digd4337\\/electroshop\\/vendor\\/guzzlehttp\\/promises\\/src\\/Promise.php\",\"line\":204,\"function\":\"GuzzleHttp\\\\{closure}\",\"class\":\"GuzzleHttp\\\\Middleware\",\"type\":\"::\"},{\"file\":\"\\/home\\/digd4337\\/electroshop\\/vendor\\/guzzlehttp\\/promises\\/src\\/Promise.php\",\"line\":153,\"function\":\"callHandler\",\"class\":\"GuzzleHttp\\\\Promise\\\\Promise\",\"type\":\"::\"},{\"file\":\"\\/home\\/digd4337\\/electroshop\\/vendor\\/guzzlehttp\\/promises\\/src\\/TaskQueue.php\",\"line\":48,\"function\":\"GuzzleHttp\\\\Promise\\\\{closure}\",\"class\":\"GuzzleHttp\\\\Promise\\\\Promise\",\"type\":\"::\"},{\"file\":\"\\/home\\/digd4337\\/electroshop\\/vendor\\/guzzlehttp\\/promises\\/src\\/Promise.php\",\"line\":248,\"function\":\"run\",\"class\":\"GuzzleHttp\\\\Promise\\\\TaskQueue\",\"type\":\"->\"},{\"file\":\"\\/home\\/digd4337\\/electroshop\\/vendor\\/guzzlehttp\\/promises\\/src\\/Promise.php\",\"line\":224,\"function\":\"invokeWaitFn\",\"class\":\"GuzzleHttp\\\\Promise\\\\Promise\",\"type\":\"->\"},{\"file\":\"\\/home\\/digd4337\\/electroshop\\/vendor\\/guzzlehttp\\/promises\\/src\\/Promise.php\",\"line\":269,\"function\":\"waitIfPending\",\"class\":\"GuzzleHttp\\\\Promise\\\\Promise\",\"type\":\"->\"},{\"file\":\"\\/home\\/digd4337\\/electroshop\\/vendor\\/guzzlehttp\\/promises\\/src\\/Promise.php\",\"line\":226,\"function\":\"invokeWaitList\",\"class\":\"GuzzleHttp\\\\Promise\\\\Promise\",\"type\":\"->\"},{\"file\":\"\\/home\\/digd4337\\/electroshop\\/vendor\\/guzzlehttp\\/promises\\/src\\/Promise.php\",\"line\":62,\"function\":\"waitIfPending\",\"class\":\"GuzzleHttp\\\\Promise\\\\Promise\",\"type\":\"->\"},{\"file\":\"\\/home\\/digd4337\\/electroshop\\/vendor\\/guzzlehttp\\/guzzle\\/src\\/Client.php\",\"line\":187,\"function\":\"wait\",\"class\":\"GuzzleHttp\\\\Promise\\\\Promise\",\"type\":\"->\"},{\"file\":\"\\/home\\/digd4337\\/electroshop\\/app\\/Http\\/Controllers\\/FrontPageController.php\",\"line\":236,\"function\":\"request\",\"class\":\"GuzzleHttp\\\\Client\",\"type\":\"->\"},{\"file\":\"\\/home\\/digd4337\\/electroshop\\/vendor\\/laravel\\/framework\\/src\\/Illuminate\\/Routing\\/Controller.php\",\"line\":54,\"function\":\"store_checkout\",\"class\":\"App\\\\Http\\\\Controllers\\\\FrontPageController\",\"type\":\"->\"},{\"file\":\"\\/home\\/digd4337\\/electroshop\\/vendor\\/laravel\\/framework\\/src\\/Illuminate\\/Routing\\/ControllerDispatcher.php\",\"line\":45,\"function\":\"callAction\",\"class\":\"Illuminate\\\\Routing\\\\Controller\",\"type\":\"->\"},{\"file\":\"\\/home\\/digd4337\\/electroshop\\/vendor\\/laravel\\/framework\\/src\\/Illuminate\\/Routing\\/Route.php\",\"line\":239,\"function\":\"dispatch\",\"class\":\"Illuminate\\\\Routing\\\\ControllerDispatcher\",\"type\":\"->\"},{\"file\":\"\\/home\\/digd4337\\/electroshop\\/vendor\\/laravel\\/framework\\/src\\/Illuminate\\/Routing\\/Route.php\",\"line\":196,\"function\":\"runController\",\"class\":\"Illuminate\\\\Routing\\\\Route\",\"type\":\"->\"},{\"file\":\"\\/home\\/digd4337\\/electroshop\\/vendor\\/laravel\\/framework\\/src\\/Illuminate\\/Routing\\/Router.php\",\"line\":685,\"function\":\"run\",\"class\":\"Illuminate\\\\Routing\\\\Route\",\"type\":\"->\"},{\"file\":\"\\/home\\/digd4337\\/electroshop\\/vendor\\/laravel\\/framework\\/src\\/Illuminate\\/Pipeline\\/Pipeline.php\",\"line\":128,\"function\":\"Illuminate\\\\Routing\\\\{closure}\",\"class\":\"Illuminate\\\\Routing\\\\Router\",\"type\":\"->\"},{\"file\":\"\\/home\\/digd4337\\/electroshop\\/app\\/Http\\/Middleware\\/MemberMiddleware.php\",\"line\":20,\"function\":\"Illuminate\\\\Pipeline\\\\{closure}\",\"class\":\"Illuminate\\\\Pipeline\\\\Pipeline\",\"type\":\"->\"},{\"file\":\"\\/home\\/digd4337\\/electroshop\\/vendor\\/laravel\\/framework\\/src\\/Illuminate\\/Pipeline\\/Pipeline.php\",\"line\":167,\"function\":\"handle\",\"class\":\"App\\\\Http\\\\Middleware\\\\MemberMiddleware\",\"type\":\"->\"},{\"file\":\"\\/home\\/digd4337\\/electroshop\\/app\\/Http\\/Middleware\\/Localization.php\",\"line\":22,\"function\":\"Illuminate\\\\Pipeline\\\\{closure}\",\"class\":\"Illuminate\\\\Pipeline\\\\Pipeline\",\"type\":\"->\"},{\"file\":\"\\/home\\/digd4337\\/electroshop\\/vendor\\/laravel\\/framework\\/src\\/Illuminate\\/Pipeline\\/Pipeline.php\",\"line\":167,\"function\":\"handle\",\"class\":\"App\\\\Http\\\\Middleware\\\\Localization\",\"type\":\"->\"},{\"file\":\"\\/home\\/digd4337\\/electroshop\\/vendor\\/laravel\\/framework\\/src\\/Illuminate\\/Routing\\/Middleware\\/SubstituteBindings.php\",\"line\":41,\"function\":\"Illuminate\\\\Pipeline\\\\{closure}\",\"class\":\"Illuminate\\\\Pipeline\\\\Pipeline\",\"type\":\"->\"},{\"file\":\"\\/home\\/digd4337\\/electroshop\\/vendor\\/laravel\\/framework\\/src\\/Illuminate\\/Pipeline\\/Pipeline.php\",\"line\":167,\"function\":\"handle\",\"class\":\"Illuminate\\\\Routing\\\\Middleware\\\\SubstituteBindings\",\"type\":\"->\"},{\"file\":\"\\/home\\/digd4337\\/electroshop\\/vendor\\/laravel\\/framework\\/src\\/Illuminate\\/Auth\\/Middleware\\/Authenticate.php\",\"line\":44,\"function\":\"Illuminate\\\\Pipeline\\\\{closure}\",\"class\":\"Illuminate\\\\Pipeline\\\\Pipeline\",\"type\":\"->\"},{\"file\":\"\\/home\\/digd4337\\/electroshop\\/vendor\\/laravel\\/framework\\/src\\/Illuminate\\/Pipeline\\/Pipeline.php\",\"line\":167,\"function\":\"handle\",\"class\":\"Illuminate\\\\Auth\\\\Middleware\\\\Authenticate\",\"type\":\"->\"},{\"file\":\"\\/home\\/digd4337\\/electroshop\\/vendor\\/laravel\\/framework\\/src\\/Illuminate\\/Foundation\\/Http\\/Middleware\\/VerifyCsrfToken.php\",\"line\":78,\"function\":\"Illuminate\\\\Pipeline\\\\{closure}\",\"class\":\"Illuminate\\\\Pipeline\\\\Pipeline\",\"type\":\"->\"},{\"file\":\"\\/home\\/digd4337\\/electroshop\\/vendor\\/laravel\\/framework\\/src\\/Illuminate\\/Pipeline\\/Pipeline.php\",\"line\":167,\"function\":\"handle\",\"class\":\"Illuminate\\\\Foundation\\\\Http\\\\Middleware\\\\VerifyCsrfToken\",\"type\":\"->\"},{\"file\":\"\\/home\\/digd4337\\/electroshop\\/vendor\\/laravel\\/framework\\/src\\/Illuminate\\/View\\/Middleware\\/ShareErrorsFromSession.php\",\"line\":49,\"function\":\"Illuminate\\\\Pipeline\\\\{closure}\",\"class\":\"Illuminate\\\\Pipeline\\\\Pipeline\",\"type\":\"->\"},{\"file\":\"\\/home\\/digd4337\\/electroshop\\/vendor\\/laravel\\/framework\\/src\\/Illuminate\\/Pipeline\\/Pipeline.php\",\"line\":167,\"function\":\"handle\",\"class\":\"Illuminate\\\\View\\\\Middleware\\\\ShareErrorsFromSession\",\"type\":\"->\"},{\"file\":\"\\/home\\/digd4337\\/electroshop\\/vendor\\/laravel\\/framework\\/src\\/Illuminate\\/Session\\/Middleware\\/StartSession.php\",\"line\":116,\"function\":\"Illuminate\\\\Pipeline\\\\{closure}\",\"class\":\"Illuminate\\\\Pipeline\\\\Pipeline\",\"type\":\"->\"},{\"file\":\"\\/home\\/digd4337\\/electroshop\\/vendor\\/laravel\\/framework\\/src\\/Illuminate\\/Session\\/Middleware\\/StartSession.php\",\"line\":62,\"function\":\"handleStatefulRequest\",\"class\":\"Illuminate\\\\Session\\\\Middleware\\\\StartSession\",\"type\":\"->\"},{\"file\":\"\\/home\\/digd4337\\/electroshop\\/vendor\\/laravel\\/framework\\/src\\/Illuminate\\/Pipeline\\/Pipeline.php\",\"line\":167,\"function\":\"handle\",\"class\":\"Illuminate\\\\Session\\\\Middleware\\\\StartSession\",\"type\":\"->\"},{\"file\":\"\\/home\\/digd4337\\/electroshop\\/vendor\\/laravel\\/framework\\/src\\/Illuminate\\/Cookie\\/Middleware\\/AddQueuedCookiesToResponse.php\",\"line\":37,\"function\":\"Illuminate\\\\Pipeline\\\\{closure}\",\"class\":\"Illuminate\\\\Pipeline\\\\Pipeline\",\"type\":\"->\"},{\"file\":\"\\/home\\/digd4337\\/electroshop\\/vendor\\/laravel\\/framework\\/src\\/Illuminate\\/Pipeline\\/Pipeline.php\",\"line\":167,\"function\":\"handle\",\"class\":\"Illuminate\\\\Cookie\\\\Middleware\\\\AddQueuedCookiesToResponse\",\"type\":\"->\"},{\"file\":\"\\/home\\/digd4337\\/electroshop\\/vendor\\/laravel\\/framework\\/src\\/Illuminate\\/Cookie\\/Middleware\\/EncryptCookies.php\",\"line\":67,\"function\":\"Illuminate\\\\Pipeline\\\\{closure}\",\"class\":\"Illuminate\\\\Pipeline\\\\Pipeline\",\"type\":\"->\"},{\"file\":\"\\/home\\/digd4337\\/electroshop\\/vendor\\/laravel\\/framework\\/src\\/Illuminate\\/Pipeline\\/Pipeline.php\",\"line\":167,\"function\":\"handle\",\"class\":\"Illuminate\\\\Cookie\\\\Middleware\\\\EncryptCookies\",\"type\":\"->\"},{\"file\":\"\\/home\\/digd4337\\/electroshop\\/vendor\\/laravel\\/framework\\/src\\/Illuminate\\/Pipeline\\/Pipeline.php\",\"line\":103,\"function\":\"Illuminate\\\\Pipeline\\\\{closure}\",\"class\":\"Illuminate\\\\Pipeline\\\\Pipeline\",\"type\":\"->\"},{\"file\":\"\\/home\\/digd4337\\/electroshop\\/vendor\\/laravel\\/framework\\/src\\/Illuminate\\/Routing\\/Router.php\",\"line\":687,\"function\":\"then\",\"class\":\"Illuminate\\\\Pipeline\\\\Pipeline\",\"type\":\"->\"},{\"file\":\"\\/home\\/digd4337\\/electroshop\\/vendor\\/laravel\\/framework\\/src\\/Illuminate\\/Routing\\/Router.php\",\"line\":662,\"function\":\"runRouteWithinStack\",\"class\":\"Illuminate\\\\Routing\\\\Router\",\"type\":\"->\"},{\"file\":\"\\/home\\/digd4337\\/electroshop\\/vendor\\/laravel\\/framework\\/src\\/Illuminate\\/Routing\\/Router.php\",\"line\":628,\"function\":\"runRoute\",\"class\":\"Illuminate\\\\Routing\\\\Router\",\"type\":\"->\"},{\"file\":\"\\/home\\/digd4337\\/electroshop\\/vendor\\/laravel\\/framework\\/src\\/Illuminate\\/Routing\\/Router.php\",\"line\":617,\"function\":\"dispatchToRoute\",\"class\":\"Illuminate\\\\Routing\\\\Router\",\"type\":\"->\"},{\"file\":\"\\/home\\/digd4337\\/electroshop\\/vendor\\/laravel\\/framework\\/src\\/Illuminate\\/Foundation\\/Http\\/Kernel.php\",\"line\":165,\"function\":\"dispatch\",\"class\":\"Illuminate\\\\Routing\\\\Router\",\"type\":\"->\"},{\"file\":\"\\/home\\/digd4337\\/electroshop\\/vendor\\/laravel\\/framework\\/src\\/Illuminate\\/Pipeline\\/Pipeline.php\",\"line\":128,\"function\":\"Illuminate\\\\Foundation\\\\Http\\\\{closure}\",\"class\":\"Illuminate\\\\Foundation\\\\Http\\\\Kernel\",\"type\":\"->\"},{\"file\":\"\\/home\\/digd4337\\/electroshop\\/vendor\\/laravel\\/framework\\/src\\/Illuminate\\/Foundation\\/Http\\/Middleware\\/TransformsRequest.php\",\"line\":21,\"function\":\"Illuminate\\\\Pipeline\\\\{closure}\",\"class\":\"Illuminate\\\\Pipeline\\\\Pipeline\",\"type\":\"->\"},{\"file\":\"\\/home\\/digd4337\\/electroshop\\/vendor\\/laravel\\/framework\\/src\\/Illuminate\\/Pipeline\\/Pipeline.php\",\"line\":167,\"function\":\"handle\",\"class\":\"Illuminate\\\\Foundation\\\\Http\\\\Middleware\\\\TransformsRequest\",\"type\":\"->\"},{\"file\":\"\\/home\\/digd4337\\/electroshop\\/vendor\\/laravel\\/framework\\/src\\/Illuminate\\/Foundation\\/Http\\/Middleware\\/TransformsRequest.php\",\"line\":21,\"function\":\"Illuminate\\\\Pipeline\\\\{closure}\",\"class\":\"Illuminate\\\\Pipeline\\\\Pipeline\",\"type\":\"->\"},{\"file\":\"\\/home\\/digd4337\\/electroshop\\/vendor\\/laravel\\/framework\\/src\\/Illuminate\\/Pipeline\\/Pipeline.php\",\"line\":167,\"function\":\"handle\",\"class\":\"Illuminate\\\\Foundation\\\\Http\\\\Middleware\\\\TransformsRequest\",\"type\":\"->\"},{\"file\":\"\\/home\\/digd4337\\/electroshop\\/vendor\\/laravel\\/framework\\/src\\/Illuminate\\/Foundation\\/Http\\/Middleware\\/ValidatePostSize.php\",\"line\":27,\"function\":\"Illuminate\\\\Pipeline\\\\{closure}\",\"class\":\"Illuminate\\\\Pipeline\\\\Pipeline\",\"type\":\"->\"},{\"file\":\"\\/home\\/digd4337\\/electroshop\\/vendor\\/laravel\\/framework\\/src\\/Illuminate\\/Pipeline\\/Pipeline.php\",\"line\":167,\"function\":\"handle\",\"class\":\"Illuminate\\\\Foundation\\\\Http\\\\Middleware\\\\ValidatePostSize\",\"type\":\"->\"},{\"file\":\"\\/home\\/digd4337\\/electroshop\\/vendor\\/laravel\\/framework\\/src\\/Illuminate\\/Foundation\\/Http\\/Middleware\\/CheckForMaintenanceMode.php\",\"line\":63,\"function\":\"Illuminate\\\\Pipeline\\\\{closure}\",\"class\":\"Illuminate\\\\Pipeline\\\\Pipeline\",\"type\":\"->\"},{\"file\":\"\\/home\\/digd4337\\/electroshop\\/vendor\\/laravel\\/framework\\/src\\/Illuminate\\/Pipeline\\/Pipeline.php\",\"line\":167,\"function\":\"handle\",\"class\":\"Illuminate\\\\Foundation\\\\Http\\\\Middleware\\\\CheckForMaintenanceMode\",\"type\":\"->\"},{\"file\":\"\\/home\\/digd4337\\/electroshop\\/vendor\\/fruitcake\\/laravel-cors\\/src\\/HandleCors.php\",\"line\":38,\"function\":\"Illuminate\\\\Pipeline\\\\{closure}\",\"class\":\"Illuminate\\\\Pipeline\\\\Pipeline\",\"type\":\"->\"},{\"file\":\"\\/home\\/digd4337\\/electroshop\\/vendor\\/laravel\\/framework\\/src\\/Illuminate\\/Pipeline\\/Pipeline.php\",\"line\":167,\"function\":\"handle\",\"class\":\"Fruitcake\\\\Cors\\\\HandleCors\",\"type\":\"->\"},{\"file\":\"\\/home\\/digd4337\\/electroshop\\/vendor\\/fideloper\\/proxy\\/src\\/TrustProxies.php\",\"line\":57,\"function\":\"Illuminate\\\\Pipeline\\\\{closure}\",\"class\":\"Illuminate\\\\Pipeline\\\\Pipeline\",\"type\":\"->\"},{\"file\":\"\\/home\\/digd4337\\/electroshop\\/vendor\\/laravel\\/framework\\/src\\/Illuminate\\/Pipeline\\/Pipeline.php\",\"line\":167,\"function\":\"handle\",\"class\":\"Fideloper\\\\Proxy\\\\TrustProxies\",\"type\":\"->\"},{\"file\":\"\\/home\\/digd4337\\/electroshop\\/vendor\\/laravel\\/framework\\/src\\/Illuminate\\/Pipeline\\/Pipeline.php\",\"line\":103,\"function\":\"Illuminate\\\\Pipeline\\\\{closure}\",\"class\":\"Illuminate\\\\Pipeline\\\\Pipeline\",\"type\":\"->\"},{\"file\":\"\\/home\\/digd4337\\/electroshop\\/vendor\\/laravel\\/framework\\/src\\/Illuminate\\/Foundation\\/Http\\/Kernel.php\",\"line\":140,\"function\":\"then\",\"class\":\"Illuminate\\\\Pipeline\\\\Pipeline\",\"type\":\"->\"},{\"file\":\"\\/home\\/digd4337\\/electroshop\\/vendor\\/laravel\\/framework\\/src\\/Illuminate\\/Foundation\\/Http\\/Kernel.php\",\"line\":109,\"function\":\"sendRequestThroughRouter\",\"class\":\"Illuminate\\\\Foundation\\\\Http\\\\Kernel\",\"type\":\"->\"},{\"file\":\"\\/home\\/digd4337\\/public_html\\/electroshop\\/index.php\",\"line\":55,\"function\":\"handle\",\"class\":\"Illuminate\\\\Foundation\\\\Http\\\\Kernel\",\"type\":\"->\"}]', 'https://electroshop.diginese.my.id/checkout_store', 9, '2022-01-12 03:32:15', '2022-01-12 03:32:15'),
(2, 'GuzzleHttp\\Exception\\ClientException', 'Client error: `POST https://sandbox.ipaymu.com/api/v2/payment` resulted in a `401 Unauthorized` response:\n{\"Status\":401,\"Message\":\"unauthorized\"}\n', '[{\"file\":\"\\/home\\/digd4337\\/electroshop\\/vendor\\/guzzlehttp\\/guzzle\\/src\\/Middleware.php\",\"line\":69,\"function\":\"create\",\"class\":\"GuzzleHttp\\\\Exception\\\\RequestException\",\"type\":\"::\"},{\"file\":\"\\/home\\/digd4337\\/electroshop\\/vendor\\/guzzlehttp\\/promises\\/src\\/Promise.php\",\"line\":204,\"function\":\"GuzzleHttp\\\\{closure}\",\"class\":\"GuzzleHttp\\\\Middleware\",\"type\":\"::\"},{\"file\":\"\\/home\\/digd4337\\/electroshop\\/vendor\\/guzzlehttp\\/promises\\/src\\/Promise.php\",\"line\":153,\"function\":\"callHandler\",\"class\":\"GuzzleHttp\\\\Promise\\\\Promise\",\"type\":\"::\"},{\"file\":\"\\/home\\/digd4337\\/electroshop\\/vendor\\/guzzlehttp\\/promises\\/src\\/TaskQueue.php\",\"line\":48,\"function\":\"GuzzleHttp\\\\Promise\\\\{closure}\",\"class\":\"GuzzleHttp\\\\Promise\\\\Promise\",\"type\":\"::\"},{\"file\":\"\\/home\\/digd4337\\/electroshop\\/vendor\\/guzzlehttp\\/promises\\/src\\/Promise.php\",\"line\":248,\"function\":\"run\",\"class\":\"GuzzleHttp\\\\Promise\\\\TaskQueue\",\"type\":\"->\"},{\"file\":\"\\/home\\/digd4337\\/electroshop\\/vendor\\/guzzlehttp\\/promises\\/src\\/Promise.php\",\"line\":224,\"function\":\"invokeWaitFn\",\"class\":\"GuzzleHttp\\\\Promise\\\\Promise\",\"type\":\"->\"},{\"file\":\"\\/home\\/digd4337\\/electroshop\\/vendor\\/guzzlehttp\\/promises\\/src\\/Promise.php\",\"line\":269,\"function\":\"waitIfPending\",\"class\":\"GuzzleHttp\\\\Promise\\\\Promise\",\"type\":\"->\"},{\"file\":\"\\/home\\/digd4337\\/electroshop\\/vendor\\/guzzlehttp\\/promises\\/src\\/Promise.php\",\"line\":226,\"function\":\"invokeWaitList\",\"class\":\"GuzzleHttp\\\\Promise\\\\Promise\",\"type\":\"->\"},{\"file\":\"\\/home\\/digd4337\\/electroshop\\/vendor\\/guzzlehttp\\/promises\\/src\\/Promise.php\",\"line\":62,\"function\":\"waitIfPending\",\"class\":\"GuzzleHttp\\\\Promise\\\\Promise\",\"type\":\"->\"},{\"file\":\"\\/home\\/digd4337\\/electroshop\\/vendor\\/guzzlehttp\\/guzzle\\/src\\/Client.php\",\"line\":187,\"function\":\"wait\",\"class\":\"GuzzleHttp\\\\Promise\\\\Promise\",\"type\":\"->\"},{\"file\":\"\\/home\\/digd4337\\/electroshop\\/app\\/Http\\/Controllers\\/FrontPageController.php\",\"line\":236,\"function\":\"request\",\"class\":\"GuzzleHttp\\\\Client\",\"type\":\"->\"},{\"file\":\"\\/home\\/digd4337\\/electroshop\\/vendor\\/laravel\\/framework\\/src\\/Illuminate\\/Routing\\/Controller.php\",\"line\":54,\"function\":\"store_checkout\",\"class\":\"App\\\\Http\\\\Controllers\\\\FrontPageController\",\"type\":\"->\"},{\"file\":\"\\/home\\/digd4337\\/electroshop\\/vendor\\/laravel\\/framework\\/src\\/Illuminate\\/Routing\\/ControllerDispatcher.php\",\"line\":45,\"function\":\"callAction\",\"class\":\"Illuminate\\\\Routing\\\\Controller\",\"type\":\"->\"},{\"file\":\"\\/home\\/digd4337\\/electroshop\\/vendor\\/laravel\\/framework\\/src\\/Illuminate\\/Routing\\/Route.php\",\"line\":239,\"function\":\"dispatch\",\"class\":\"Illuminate\\\\Routing\\\\ControllerDispatcher\",\"type\":\"->\"},{\"file\":\"\\/home\\/digd4337\\/electroshop\\/vendor\\/laravel\\/framework\\/src\\/Illuminate\\/Routing\\/Route.php\",\"line\":196,\"function\":\"runController\",\"class\":\"Illuminate\\\\Routing\\\\Route\",\"type\":\"->\"},{\"file\":\"\\/home\\/digd4337\\/electroshop\\/vendor\\/laravel\\/framework\\/src\\/Illuminate\\/Routing\\/Router.php\",\"line\":685,\"function\":\"run\",\"class\":\"Illuminate\\\\Routing\\\\Route\",\"type\":\"->\"},{\"file\":\"\\/home\\/digd4337\\/electroshop\\/vendor\\/laravel\\/framework\\/src\\/Illuminate\\/Pipeline\\/Pipeline.php\",\"line\":128,\"function\":\"Illuminate\\\\Routing\\\\{closure}\",\"class\":\"Illuminate\\\\Routing\\\\Router\",\"type\":\"->\"},{\"file\":\"\\/home\\/digd4337\\/electroshop\\/app\\/Http\\/Middleware\\/MemberMiddleware.php\",\"line\":20,\"function\":\"Illuminate\\\\Pipeline\\\\{closure}\",\"class\":\"Illuminate\\\\Pipeline\\\\Pipeline\",\"type\":\"->\"},{\"file\":\"\\/home\\/digd4337\\/electroshop\\/vendor\\/laravel\\/framework\\/src\\/Illuminate\\/Pipeline\\/Pipeline.php\",\"line\":167,\"function\":\"handle\",\"class\":\"App\\\\Http\\\\Middleware\\\\MemberMiddleware\",\"type\":\"->\"},{\"file\":\"\\/home\\/digd4337\\/electroshop\\/app\\/Http\\/Middleware\\/Localization.php\",\"line\":22,\"function\":\"Illuminate\\\\Pipeline\\\\{closure}\",\"class\":\"Illuminate\\\\Pipeline\\\\Pipeline\",\"type\":\"->\"},{\"file\":\"\\/home\\/digd4337\\/electroshop\\/vendor\\/laravel\\/framework\\/src\\/Illuminate\\/Pipeline\\/Pipeline.php\",\"line\":167,\"function\":\"handle\",\"class\":\"App\\\\Http\\\\Middleware\\\\Localization\",\"type\":\"->\"},{\"file\":\"\\/home\\/digd4337\\/electroshop\\/vendor\\/laravel\\/framework\\/src\\/Illuminate\\/Routing\\/Middleware\\/SubstituteBindings.php\",\"line\":41,\"function\":\"Illuminate\\\\Pipeline\\\\{closure}\",\"class\":\"Illuminate\\\\Pipeline\\\\Pipeline\",\"type\":\"->\"},{\"file\":\"\\/home\\/digd4337\\/electroshop\\/vendor\\/laravel\\/framework\\/src\\/Illuminate\\/Pipeline\\/Pipeline.php\",\"line\":167,\"function\":\"handle\",\"class\":\"Illuminate\\\\Routing\\\\Middleware\\\\SubstituteBindings\",\"type\":\"->\"},{\"file\":\"\\/home\\/digd4337\\/electroshop\\/vendor\\/laravel\\/framework\\/src\\/Illuminate\\/Auth\\/Middleware\\/Authenticate.php\",\"line\":44,\"function\":\"Illuminate\\\\Pipeline\\\\{closure}\",\"class\":\"Illuminate\\\\Pipeline\\\\Pipeline\",\"type\":\"->\"},{\"file\":\"\\/home\\/digd4337\\/electroshop\\/vendor\\/laravel\\/framework\\/src\\/Illuminate\\/Pipeline\\/Pipeline.php\",\"line\":167,\"function\":\"handle\",\"class\":\"Illuminate\\\\Auth\\\\Middleware\\\\Authenticate\",\"type\":\"->\"},{\"file\":\"\\/home\\/digd4337\\/electroshop\\/vendor\\/laravel\\/framework\\/src\\/Illuminate\\/Foundation\\/Http\\/Middleware\\/VerifyCsrfToken.php\",\"line\":78,\"function\":\"Illuminate\\\\Pipeline\\\\{closure}\",\"class\":\"Illuminate\\\\Pipeline\\\\Pipeline\",\"type\":\"->\"},{\"file\":\"\\/home\\/digd4337\\/electroshop\\/vendor\\/laravel\\/framework\\/src\\/Illuminate\\/Pipeline\\/Pipeline.php\",\"line\":167,\"function\":\"handle\",\"class\":\"Illuminate\\\\Foundation\\\\Http\\\\Middleware\\\\VerifyCsrfToken\",\"type\":\"->\"},{\"file\":\"\\/home\\/digd4337\\/electroshop\\/vendor\\/laravel\\/framework\\/src\\/Illuminate\\/View\\/Middleware\\/ShareErrorsFromSession.php\",\"line\":49,\"function\":\"Illuminate\\\\Pipeline\\\\{closure}\",\"class\":\"Illuminate\\\\Pipeline\\\\Pipeline\",\"type\":\"->\"},{\"file\":\"\\/home\\/digd4337\\/electroshop\\/vendor\\/laravel\\/framework\\/src\\/Illuminate\\/Pipeline\\/Pipeline.php\",\"line\":167,\"function\":\"handle\",\"class\":\"Illuminate\\\\View\\\\Middleware\\\\ShareErrorsFromSession\",\"type\":\"->\"},{\"file\":\"\\/home\\/digd4337\\/electroshop\\/vendor\\/laravel\\/framework\\/src\\/Illuminate\\/Session\\/Middleware\\/StartSession.php\",\"line\":116,\"function\":\"Illuminate\\\\Pipeline\\\\{closure}\",\"class\":\"Illuminate\\\\Pipeline\\\\Pipeline\",\"type\":\"->\"},{\"file\":\"\\/home\\/digd4337\\/electroshop\\/vendor\\/laravel\\/framework\\/src\\/Illuminate\\/Session\\/Middleware\\/StartSession.php\",\"line\":62,\"function\":\"handleStatefulRequest\",\"class\":\"Illuminate\\\\Session\\\\Middleware\\\\StartSession\",\"type\":\"->\"},{\"file\":\"\\/home\\/digd4337\\/electroshop\\/vendor\\/laravel\\/framework\\/src\\/Illuminate\\/Pipeline\\/Pipeline.php\",\"line\":167,\"function\":\"handle\",\"class\":\"Illuminate\\\\Session\\\\Middleware\\\\StartSession\",\"type\":\"->\"},{\"file\":\"\\/home\\/digd4337\\/electroshop\\/vendor\\/laravel\\/framework\\/src\\/Illuminate\\/Cookie\\/Middleware\\/AddQueuedCookiesToResponse.php\",\"line\":37,\"function\":\"Illuminate\\\\Pipeline\\\\{closure}\",\"class\":\"Illuminate\\\\Pipeline\\\\Pipeline\",\"type\":\"->\"},{\"file\":\"\\/home\\/digd4337\\/electroshop\\/vendor\\/laravel\\/framework\\/src\\/Illuminate\\/Pipeline\\/Pipeline.php\",\"line\":167,\"function\":\"handle\",\"class\":\"Illuminate\\\\Cookie\\\\Middleware\\\\AddQueuedCookiesToResponse\",\"type\":\"->\"},{\"file\":\"\\/home\\/digd4337\\/electroshop\\/vendor\\/laravel\\/framework\\/src\\/Illuminate\\/Cookie\\/Middleware\\/EncryptCookies.php\",\"line\":67,\"function\":\"Illuminate\\\\Pipeline\\\\{closure}\",\"class\":\"Illuminate\\\\Pipeline\\\\Pipeline\",\"type\":\"->\"},{\"file\":\"\\/home\\/digd4337\\/electroshop\\/vendor\\/laravel\\/framework\\/src\\/Illuminate\\/Pipeline\\/Pipeline.php\",\"line\":167,\"function\":\"handle\",\"class\":\"Illuminate\\\\Cookie\\\\Middleware\\\\EncryptCookies\",\"type\":\"->\"},{\"file\":\"\\/home\\/digd4337\\/electroshop\\/vendor\\/laravel\\/framework\\/src\\/Illuminate\\/Pipeline\\/Pipeline.php\",\"line\":103,\"function\":\"Illuminate\\\\Pipeline\\\\{closure}\",\"class\":\"Illuminate\\\\Pipeline\\\\Pipeline\",\"type\":\"->\"},{\"file\":\"\\/home\\/digd4337\\/electroshop\\/vendor\\/laravel\\/framework\\/src\\/Illuminate\\/Routing\\/Router.php\",\"line\":687,\"function\":\"then\",\"class\":\"Illuminate\\\\Pipeline\\\\Pipeline\",\"type\":\"->\"},{\"file\":\"\\/home\\/digd4337\\/electroshop\\/vendor\\/laravel\\/framework\\/src\\/Illuminate\\/Routing\\/Router.php\",\"line\":662,\"function\":\"runRouteWithinStack\",\"class\":\"Illuminate\\\\Routing\\\\Router\",\"type\":\"->\"},{\"file\":\"\\/home\\/digd4337\\/electroshop\\/vendor\\/laravel\\/framework\\/src\\/Illuminate\\/Routing\\/Router.php\",\"line\":628,\"function\":\"runRoute\",\"class\":\"Illuminate\\\\Routing\\\\Router\",\"type\":\"->\"},{\"file\":\"\\/home\\/digd4337\\/electroshop\\/vendor\\/laravel\\/framework\\/src\\/Illuminate\\/Routing\\/Router.php\",\"line\":617,\"function\":\"dispatchToRoute\",\"class\":\"Illuminate\\\\Routing\\\\Router\",\"type\":\"->\"},{\"file\":\"\\/home\\/digd4337\\/electroshop\\/vendor\\/laravel\\/framework\\/src\\/Illuminate\\/Foundation\\/Http\\/Kernel.php\",\"line\":165,\"function\":\"dispatch\",\"class\":\"Illuminate\\\\Routing\\\\Router\",\"type\":\"->\"},{\"file\":\"\\/home\\/digd4337\\/electroshop\\/vendor\\/laravel\\/framework\\/src\\/Illuminate\\/Pipeline\\/Pipeline.php\",\"line\":128,\"function\":\"Illuminate\\\\Foundation\\\\Http\\\\{closure}\",\"class\":\"Illuminate\\\\Foundation\\\\Http\\\\Kernel\",\"type\":\"->\"},{\"file\":\"\\/home\\/digd4337\\/electroshop\\/vendor\\/laravel\\/framework\\/src\\/Illuminate\\/Foundation\\/Http\\/Middleware\\/TransformsRequest.php\",\"line\":21,\"function\":\"Illuminate\\\\Pipeline\\\\{closure}\",\"class\":\"Illuminate\\\\Pipeline\\\\Pipeline\",\"type\":\"->\"},{\"file\":\"\\/home\\/digd4337\\/electroshop\\/vendor\\/laravel\\/framework\\/src\\/Illuminate\\/Pipeline\\/Pipeline.php\",\"line\":167,\"function\":\"handle\",\"class\":\"Illuminate\\\\Foundation\\\\Http\\\\Middleware\\\\TransformsRequest\",\"type\":\"->\"},{\"file\":\"\\/home\\/digd4337\\/electroshop\\/vendor\\/laravel\\/framework\\/src\\/Illuminate\\/Foundation\\/Http\\/Middleware\\/TransformsRequest.php\",\"line\":21,\"function\":\"Illuminate\\\\Pipeline\\\\{closure}\",\"class\":\"Illuminate\\\\Pipeline\\\\Pipeline\",\"type\":\"->\"},{\"file\":\"\\/home\\/digd4337\\/electroshop\\/vendor\\/laravel\\/framework\\/src\\/Illuminate\\/Pipeline\\/Pipeline.php\",\"line\":167,\"function\":\"handle\",\"class\":\"Illuminate\\\\Foundation\\\\Http\\\\Middleware\\\\TransformsRequest\",\"type\":\"->\"},{\"file\":\"\\/home\\/digd4337\\/electroshop\\/vendor\\/laravel\\/framework\\/src\\/Illuminate\\/Foundation\\/Http\\/Middleware\\/ValidatePostSize.php\",\"line\":27,\"function\":\"Illuminate\\\\Pipeline\\\\{closure}\",\"class\":\"Illuminate\\\\Pipeline\\\\Pipeline\",\"type\":\"->\"},{\"file\":\"\\/home\\/digd4337\\/electroshop\\/vendor\\/laravel\\/framework\\/src\\/Illuminate\\/Pipeline\\/Pipeline.php\",\"line\":167,\"function\":\"handle\",\"class\":\"Illuminate\\\\Foundation\\\\Http\\\\Middleware\\\\ValidatePostSize\",\"type\":\"->\"},{\"file\":\"\\/home\\/digd4337\\/electroshop\\/vendor\\/laravel\\/framework\\/src\\/Illuminate\\/Foundation\\/Http\\/Middleware\\/CheckForMaintenanceMode.php\",\"line\":63,\"function\":\"Illuminate\\\\Pipeline\\\\{closure}\",\"class\":\"Illuminate\\\\Pipeline\\\\Pipeline\",\"type\":\"->\"},{\"file\":\"\\/home\\/digd4337\\/electroshop\\/vendor\\/laravel\\/framework\\/src\\/Illuminate\\/Pipeline\\/Pipeline.php\",\"line\":167,\"function\":\"handle\",\"class\":\"Illuminate\\\\Foundation\\\\Http\\\\Middleware\\\\CheckForMaintenanceMode\",\"type\":\"->\"},{\"file\":\"\\/home\\/digd4337\\/electroshop\\/vendor\\/fruitcake\\/laravel-cors\\/src\\/HandleCors.php\",\"line\":38,\"function\":\"Illuminate\\\\Pipeline\\\\{closure}\",\"class\":\"Illuminate\\\\Pipeline\\\\Pipeline\",\"type\":\"->\"},{\"file\":\"\\/home\\/digd4337\\/electroshop\\/vendor\\/laravel\\/framework\\/src\\/Illuminate\\/Pipeline\\/Pipeline.php\",\"line\":167,\"function\":\"handle\",\"class\":\"Fruitcake\\\\Cors\\\\HandleCors\",\"type\":\"->\"},{\"file\":\"\\/home\\/digd4337\\/electroshop\\/vendor\\/fideloper\\/proxy\\/src\\/TrustProxies.php\",\"line\":57,\"function\":\"Illuminate\\\\Pipeline\\\\{closure}\",\"class\":\"Illuminate\\\\Pipeline\\\\Pipeline\",\"type\":\"->\"},{\"file\":\"\\/home\\/digd4337\\/electroshop\\/vendor\\/laravel\\/framework\\/src\\/Illuminate\\/Pipeline\\/Pipeline.php\",\"line\":167,\"function\":\"handle\",\"class\":\"Fideloper\\\\Proxy\\\\TrustProxies\",\"type\":\"->\"},{\"file\":\"\\/home\\/digd4337\\/electroshop\\/vendor\\/laravel\\/framework\\/src\\/Illuminate\\/Pipeline\\/Pipeline.php\",\"line\":103,\"function\":\"Illuminate\\\\Pipeline\\\\{closure}\",\"class\":\"Illuminate\\\\Pipeline\\\\Pipeline\",\"type\":\"->\"},{\"file\":\"\\/home\\/digd4337\\/electroshop\\/vendor\\/laravel\\/framework\\/src\\/Illuminate\\/Foundation\\/Http\\/Kernel.php\",\"line\":140,\"function\":\"then\",\"class\":\"Illuminate\\\\Pipeline\\\\Pipeline\",\"type\":\"->\"},{\"file\":\"\\/home\\/digd4337\\/electroshop\\/vendor\\/laravel\\/framework\\/src\\/Illuminate\\/Foundation\\/Http\\/Kernel.php\",\"line\":109,\"function\":\"sendRequestThroughRouter\",\"class\":\"Illuminate\\\\Foundation\\\\Http\\\\Kernel\",\"type\":\"->\"},{\"file\":\"\\/home\\/digd4337\\/public_html\\/electroshop\\/index.php\",\"line\":55,\"function\":\"handle\",\"class\":\"Illuminate\\\\Foundation\\\\Http\\\\Kernel\",\"type\":\"->\"}]', 'https://electroshop.diginese.my.id/checkout_store', 9, '2022-01-12 03:32:58', '2022-01-12 03:32:58'),
(3, 'GuzzleHttp\\Exception\\ClientException', 'Client error: `POST https://sandbox.ipaymu.com/api/v2/payment` resulted in a `401 Unauthorized` response:\n{\"Status\":401,\"Message\":\"unauthorized\"}\n', '[{\"file\":\"\\/home\\/digd4337\\/electroshop\\/vendor\\/guzzlehttp\\/guzzle\\/src\\/Middleware.php\",\"line\":69,\"function\":\"create\",\"class\":\"GuzzleHttp\\\\Exception\\\\RequestException\",\"type\":\"::\"},{\"file\":\"\\/home\\/digd4337\\/electroshop\\/vendor\\/guzzlehttp\\/promises\\/src\\/Promise.php\",\"line\":204,\"function\":\"GuzzleHttp\\\\{closure}\",\"class\":\"GuzzleHttp\\\\Middleware\",\"type\":\"::\"},{\"file\":\"\\/home\\/digd4337\\/electroshop\\/vendor\\/guzzlehttp\\/promises\\/src\\/Promise.php\",\"line\":153,\"function\":\"callHandler\",\"class\":\"GuzzleHttp\\\\Promise\\\\Promise\",\"type\":\"::\"},{\"file\":\"\\/home\\/digd4337\\/electroshop\\/vendor\\/guzzlehttp\\/promises\\/src\\/TaskQueue.php\",\"line\":48,\"function\":\"GuzzleHttp\\\\Promise\\\\{closure}\",\"class\":\"GuzzleHttp\\\\Promise\\\\Promise\",\"type\":\"::\"},{\"file\":\"\\/home\\/digd4337\\/electroshop\\/vendor\\/guzzlehttp\\/promises\\/src\\/Promise.php\",\"line\":248,\"function\":\"run\",\"class\":\"GuzzleHttp\\\\Promise\\\\TaskQueue\",\"type\":\"->\"},{\"file\":\"\\/home\\/digd4337\\/electroshop\\/vendor\\/guzzlehttp\\/promises\\/src\\/Promise.php\",\"line\":224,\"function\":\"invokeWaitFn\",\"class\":\"GuzzleHttp\\\\Promise\\\\Promise\",\"type\":\"->\"},{\"file\":\"\\/home\\/digd4337\\/electroshop\\/vendor\\/guzzlehttp\\/promises\\/src\\/Promise.php\",\"line\":269,\"function\":\"waitIfPending\",\"class\":\"GuzzleHttp\\\\Promise\\\\Promise\",\"type\":\"->\"},{\"file\":\"\\/home\\/digd4337\\/electroshop\\/vendor\\/guzzlehttp\\/promises\\/src\\/Promise.php\",\"line\":226,\"function\":\"invokeWaitList\",\"class\":\"GuzzleHttp\\\\Promise\\\\Promise\",\"type\":\"->\"},{\"file\":\"\\/home\\/digd4337\\/electroshop\\/vendor\\/guzzlehttp\\/promises\\/src\\/Promise.php\",\"line\":62,\"function\":\"waitIfPending\",\"class\":\"GuzzleHttp\\\\Promise\\\\Promise\",\"type\":\"->\"},{\"file\":\"\\/home\\/digd4337\\/electroshop\\/vendor\\/guzzlehttp\\/guzzle\\/src\\/Client.php\",\"line\":187,\"function\":\"wait\",\"class\":\"GuzzleHttp\\\\Promise\\\\Promise\",\"type\":\"->\"},{\"file\":\"\\/home\\/digd4337\\/electroshop\\/app\\/Http\\/Controllers\\/FrontPageController.php\",\"line\":236,\"function\":\"request\",\"class\":\"GuzzleHttp\\\\Client\",\"type\":\"->\"},{\"file\":\"\\/home\\/digd4337\\/electroshop\\/vendor\\/laravel\\/framework\\/src\\/Illuminate\\/Routing\\/Controller.php\",\"line\":54,\"function\":\"store_checkout\",\"class\":\"App\\\\Http\\\\Controllers\\\\FrontPageController\",\"type\":\"->\"},{\"file\":\"\\/home\\/digd4337\\/electroshop\\/vendor\\/laravel\\/framework\\/src\\/Illuminate\\/Routing\\/ControllerDispatcher.php\",\"line\":45,\"function\":\"callAction\",\"class\":\"Illuminate\\\\Routing\\\\Controller\",\"type\":\"->\"},{\"file\":\"\\/home\\/digd4337\\/electroshop\\/vendor\\/laravel\\/framework\\/src\\/Illuminate\\/Routing\\/Route.php\",\"line\":239,\"function\":\"dispatch\",\"class\":\"Illuminate\\\\Routing\\\\ControllerDispatcher\",\"type\":\"->\"},{\"file\":\"\\/home\\/digd4337\\/electroshop\\/vendor\\/laravel\\/framework\\/src\\/Illuminate\\/Routing\\/Route.php\",\"line\":196,\"function\":\"runController\",\"class\":\"Illuminate\\\\Routing\\\\Route\",\"type\":\"->\"},{\"file\":\"\\/home\\/digd4337\\/electroshop\\/vendor\\/laravel\\/framework\\/src\\/Illuminate\\/Routing\\/Router.php\",\"line\":685,\"function\":\"run\",\"class\":\"Illuminate\\\\Routing\\\\Route\",\"type\":\"->\"},{\"file\":\"\\/home\\/digd4337\\/electroshop\\/vendor\\/laravel\\/framework\\/src\\/Illuminate\\/Pipeline\\/Pipeline.php\",\"line\":128,\"function\":\"Illuminate\\\\Routing\\\\{closure}\",\"class\":\"Illuminate\\\\Routing\\\\Router\",\"type\":\"->\"},{\"file\":\"\\/home\\/digd4337\\/electroshop\\/app\\/Http\\/Middleware\\/MemberMiddleware.php\",\"line\":20,\"function\":\"Illuminate\\\\Pipeline\\\\{closure}\",\"class\":\"Illuminate\\\\Pipeline\\\\Pipeline\",\"type\":\"->\"},{\"file\":\"\\/home\\/digd4337\\/electroshop\\/vendor\\/laravel\\/framework\\/src\\/Illuminate\\/Pipeline\\/Pipeline.php\",\"line\":167,\"function\":\"handle\",\"class\":\"App\\\\Http\\\\Middleware\\\\MemberMiddleware\",\"type\":\"->\"},{\"file\":\"\\/home\\/digd4337\\/electroshop\\/app\\/Http\\/Middleware\\/Localization.php\",\"line\":22,\"function\":\"Illuminate\\\\Pipeline\\\\{closure}\",\"class\":\"Illuminate\\\\Pipeline\\\\Pipeline\",\"type\":\"->\"},{\"file\":\"\\/home\\/digd4337\\/electroshop\\/vendor\\/laravel\\/framework\\/src\\/Illuminate\\/Pipeline\\/Pipeline.php\",\"line\":167,\"function\":\"handle\",\"class\":\"App\\\\Http\\\\Middleware\\\\Localization\",\"type\":\"->\"},{\"file\":\"\\/home\\/digd4337\\/electroshop\\/vendor\\/laravel\\/framework\\/src\\/Illuminate\\/Routing\\/Middleware\\/SubstituteBindings.php\",\"line\":41,\"function\":\"Illuminate\\\\Pipeline\\\\{closure}\",\"class\":\"Illuminate\\\\Pipeline\\\\Pipeline\",\"type\":\"->\"},{\"file\":\"\\/home\\/digd4337\\/electroshop\\/vendor\\/laravel\\/framework\\/src\\/Illuminate\\/Pipeline\\/Pipeline.php\",\"line\":167,\"function\":\"handle\",\"class\":\"Illuminate\\\\Routing\\\\Middleware\\\\SubstituteBindings\",\"type\":\"->\"},{\"file\":\"\\/home\\/digd4337\\/electroshop\\/vendor\\/laravel\\/framework\\/src\\/Illuminate\\/Auth\\/Middleware\\/Authenticate.php\",\"line\":44,\"function\":\"Illuminate\\\\Pipeline\\\\{closure}\",\"class\":\"Illuminate\\\\Pipeline\\\\Pipeline\",\"type\":\"->\"},{\"file\":\"\\/home\\/digd4337\\/electroshop\\/vendor\\/laravel\\/framework\\/src\\/Illuminate\\/Pipeline\\/Pipeline.php\",\"line\":167,\"function\":\"handle\",\"class\":\"Illuminate\\\\Auth\\\\Middleware\\\\Authenticate\",\"type\":\"->\"},{\"file\":\"\\/home\\/digd4337\\/electroshop\\/vendor\\/laravel\\/framework\\/src\\/Illuminate\\/Foundation\\/Http\\/Middleware\\/VerifyCsrfToken.php\",\"line\":78,\"function\":\"Illuminate\\\\Pipeline\\\\{closure}\",\"class\":\"Illuminate\\\\Pipeline\\\\Pipeline\",\"type\":\"->\"},{\"file\":\"\\/home\\/digd4337\\/electroshop\\/vendor\\/laravel\\/framework\\/src\\/Illuminate\\/Pipeline\\/Pipeline.php\",\"line\":167,\"function\":\"handle\",\"class\":\"Illuminate\\\\Foundation\\\\Http\\\\Middleware\\\\VerifyCsrfToken\",\"type\":\"->\"},{\"file\":\"\\/home\\/digd4337\\/electroshop\\/vendor\\/laravel\\/framework\\/src\\/Illuminate\\/View\\/Middleware\\/ShareErrorsFromSession.php\",\"line\":49,\"function\":\"Illuminate\\\\Pipeline\\\\{closure}\",\"class\":\"Illuminate\\\\Pipeline\\\\Pipeline\",\"type\":\"->\"},{\"file\":\"\\/home\\/digd4337\\/electroshop\\/vendor\\/laravel\\/framework\\/src\\/Illuminate\\/Pipeline\\/Pipeline.php\",\"line\":167,\"function\":\"handle\",\"class\":\"Illuminate\\\\View\\\\Middleware\\\\ShareErrorsFromSession\",\"type\":\"->\"},{\"file\":\"\\/home\\/digd4337\\/electroshop\\/vendor\\/laravel\\/framework\\/src\\/Illuminate\\/Session\\/Middleware\\/StartSession.php\",\"line\":116,\"function\":\"Illuminate\\\\Pipeline\\\\{closure}\",\"class\":\"Illuminate\\\\Pipeline\\\\Pipeline\",\"type\":\"->\"},{\"file\":\"\\/home\\/digd4337\\/electroshop\\/vendor\\/laravel\\/framework\\/src\\/Illuminate\\/Session\\/Middleware\\/StartSession.php\",\"line\":62,\"function\":\"handleStatefulRequest\",\"class\":\"Illuminate\\\\Session\\\\Middleware\\\\StartSession\",\"type\":\"->\"},{\"file\":\"\\/home\\/digd4337\\/electroshop\\/vendor\\/laravel\\/framework\\/src\\/Illuminate\\/Pipeline\\/Pipeline.php\",\"line\":167,\"function\":\"handle\",\"class\":\"Illuminate\\\\Session\\\\Middleware\\\\StartSession\",\"type\":\"->\"},{\"file\":\"\\/home\\/digd4337\\/electroshop\\/vendor\\/laravel\\/framework\\/src\\/Illuminate\\/Cookie\\/Middleware\\/AddQueuedCookiesToResponse.php\",\"line\":37,\"function\":\"Illuminate\\\\Pipeline\\\\{closure}\",\"class\":\"Illuminate\\\\Pipeline\\\\Pipeline\",\"type\":\"->\"},{\"file\":\"\\/home\\/digd4337\\/electroshop\\/vendor\\/laravel\\/framework\\/src\\/Illuminate\\/Pipeline\\/Pipeline.php\",\"line\":167,\"function\":\"handle\",\"class\":\"Illuminate\\\\Cookie\\\\Middleware\\\\AddQueuedCookiesToResponse\",\"type\":\"->\"},{\"file\":\"\\/home\\/digd4337\\/electroshop\\/vendor\\/laravel\\/framework\\/src\\/Illuminate\\/Cookie\\/Middleware\\/EncryptCookies.php\",\"line\":67,\"function\":\"Illuminate\\\\Pipeline\\\\{closure}\",\"class\":\"Illuminate\\\\Pipeline\\\\Pipeline\",\"type\":\"->\"},{\"file\":\"\\/home\\/digd4337\\/electroshop\\/vendor\\/laravel\\/framework\\/src\\/Illuminate\\/Pipeline\\/Pipeline.php\",\"line\":167,\"function\":\"handle\",\"class\":\"Illuminate\\\\Cookie\\\\Middleware\\\\EncryptCookies\",\"type\":\"->\"},{\"file\":\"\\/home\\/digd4337\\/electroshop\\/vendor\\/laravel\\/framework\\/src\\/Illuminate\\/Pipeline\\/Pipeline.php\",\"line\":103,\"function\":\"Illuminate\\\\Pipeline\\\\{closure}\",\"class\":\"Illuminate\\\\Pipeline\\\\Pipeline\",\"type\":\"->\"},{\"file\":\"\\/home\\/digd4337\\/electroshop\\/vendor\\/laravel\\/framework\\/src\\/Illuminate\\/Routing\\/Router.php\",\"line\":687,\"function\":\"then\",\"class\":\"Illuminate\\\\Pipeline\\\\Pipeline\",\"type\":\"->\"},{\"file\":\"\\/home\\/digd4337\\/electroshop\\/vendor\\/laravel\\/framework\\/src\\/Illuminate\\/Routing\\/Router.php\",\"line\":662,\"function\":\"runRouteWithinStack\",\"class\":\"Illuminate\\\\Routing\\\\Router\",\"type\":\"->\"},{\"file\":\"\\/home\\/digd4337\\/electroshop\\/vendor\\/laravel\\/framework\\/src\\/Illuminate\\/Routing\\/Router.php\",\"line\":628,\"function\":\"runRoute\",\"class\":\"Illuminate\\\\Routing\\\\Router\",\"type\":\"->\"},{\"file\":\"\\/home\\/digd4337\\/electroshop\\/vendor\\/laravel\\/framework\\/src\\/Illuminate\\/Routing\\/Router.php\",\"line\":617,\"function\":\"dispatchToRoute\",\"class\":\"Illuminate\\\\Routing\\\\Router\",\"type\":\"->\"},{\"file\":\"\\/home\\/digd4337\\/electroshop\\/vendor\\/laravel\\/framework\\/src\\/Illuminate\\/Foundation\\/Http\\/Kernel.php\",\"line\":165,\"function\":\"dispatch\",\"class\":\"Illuminate\\\\Routing\\\\Router\",\"type\":\"->\"},{\"file\":\"\\/home\\/digd4337\\/electroshop\\/vendor\\/laravel\\/framework\\/src\\/Illuminate\\/Pipeline\\/Pipeline.php\",\"line\":128,\"function\":\"Illuminate\\\\Foundation\\\\Http\\\\{closure}\",\"class\":\"Illuminate\\\\Foundation\\\\Http\\\\Kernel\",\"type\":\"->\"},{\"file\":\"\\/home\\/digd4337\\/electroshop\\/vendor\\/laravel\\/framework\\/src\\/Illuminate\\/Foundation\\/Http\\/Middleware\\/TransformsRequest.php\",\"line\":21,\"function\":\"Illuminate\\\\Pipeline\\\\{closure}\",\"class\":\"Illuminate\\\\Pipeline\\\\Pipeline\",\"type\":\"->\"},{\"file\":\"\\/home\\/digd4337\\/electroshop\\/vendor\\/laravel\\/framework\\/src\\/Illuminate\\/Pipeline\\/Pipeline.php\",\"line\":167,\"function\":\"handle\",\"class\":\"Illuminate\\\\Foundation\\\\Http\\\\Middleware\\\\TransformsRequest\",\"type\":\"->\"},{\"file\":\"\\/home\\/digd4337\\/electroshop\\/vendor\\/laravel\\/framework\\/src\\/Illuminate\\/Foundation\\/Http\\/Middleware\\/TransformsRequest.php\",\"line\":21,\"function\":\"Illuminate\\\\Pipeline\\\\{closure}\",\"class\":\"Illuminate\\\\Pipeline\\\\Pipeline\",\"type\":\"->\"},{\"file\":\"\\/home\\/digd4337\\/electroshop\\/vendor\\/laravel\\/framework\\/src\\/Illuminate\\/Pipeline\\/Pipeline.php\",\"line\":167,\"function\":\"handle\",\"class\":\"Illuminate\\\\Foundation\\\\Http\\\\Middleware\\\\TransformsRequest\",\"type\":\"->\"},{\"file\":\"\\/home\\/digd4337\\/electroshop\\/vendor\\/laravel\\/framework\\/src\\/Illuminate\\/Foundation\\/Http\\/Middleware\\/ValidatePostSize.php\",\"line\":27,\"function\":\"Illuminate\\\\Pipeline\\\\{closure}\",\"class\":\"Illuminate\\\\Pipeline\\\\Pipeline\",\"type\":\"->\"},{\"file\":\"\\/home\\/digd4337\\/electroshop\\/vendor\\/laravel\\/framework\\/src\\/Illuminate\\/Pipeline\\/Pipeline.php\",\"line\":167,\"function\":\"handle\",\"class\":\"Illuminate\\\\Foundation\\\\Http\\\\Middleware\\\\ValidatePostSize\",\"type\":\"->\"},{\"file\":\"\\/home\\/digd4337\\/electroshop\\/vendor\\/laravel\\/framework\\/src\\/Illuminate\\/Foundation\\/Http\\/Middleware\\/CheckForMaintenanceMode.php\",\"line\":63,\"function\":\"Illuminate\\\\Pipeline\\\\{closure}\",\"class\":\"Illuminate\\\\Pipeline\\\\Pipeline\",\"type\":\"->\"},{\"file\":\"\\/home\\/digd4337\\/electroshop\\/vendor\\/laravel\\/framework\\/src\\/Illuminate\\/Pipeline\\/Pipeline.php\",\"line\":167,\"function\":\"handle\",\"class\":\"Illuminate\\\\Foundation\\\\Http\\\\Middleware\\\\CheckForMaintenanceMode\",\"type\":\"->\"},{\"file\":\"\\/home\\/digd4337\\/electroshop\\/vendor\\/fruitcake\\/laravel-cors\\/src\\/HandleCors.php\",\"line\":38,\"function\":\"Illuminate\\\\Pipeline\\\\{closure}\",\"class\":\"Illuminate\\\\Pipeline\\\\Pipeline\",\"type\":\"->\"},{\"file\":\"\\/home\\/digd4337\\/electroshop\\/vendor\\/laravel\\/framework\\/src\\/Illuminate\\/Pipeline\\/Pipeline.php\",\"line\":167,\"function\":\"handle\",\"class\":\"Fruitcake\\\\Cors\\\\HandleCors\",\"type\":\"->\"},{\"file\":\"\\/home\\/digd4337\\/electroshop\\/vendor\\/fideloper\\/proxy\\/src\\/TrustProxies.php\",\"line\":57,\"function\":\"Illuminate\\\\Pipeline\\\\{closure}\",\"class\":\"Illuminate\\\\Pipeline\\\\Pipeline\",\"type\":\"->\"},{\"file\":\"\\/home\\/digd4337\\/electroshop\\/vendor\\/laravel\\/framework\\/src\\/Illuminate\\/Pipeline\\/Pipeline.php\",\"line\":167,\"function\":\"handle\",\"class\":\"Fideloper\\\\Proxy\\\\TrustProxies\",\"type\":\"->\"},{\"file\":\"\\/home\\/digd4337\\/electroshop\\/vendor\\/laravel\\/framework\\/src\\/Illuminate\\/Pipeline\\/Pipeline.php\",\"line\":103,\"function\":\"Illuminate\\\\Pipeline\\\\{closure}\",\"class\":\"Illuminate\\\\Pipeline\\\\Pipeline\",\"type\":\"->\"},{\"file\":\"\\/home\\/digd4337\\/electroshop\\/vendor\\/laravel\\/framework\\/src\\/Illuminate\\/Foundation\\/Http\\/Kernel.php\",\"line\":140,\"function\":\"then\",\"class\":\"Illuminate\\\\Pipeline\\\\Pipeline\",\"type\":\"->\"},{\"file\":\"\\/home\\/digd4337\\/electroshop\\/vendor\\/laravel\\/framework\\/src\\/Illuminate\\/Foundation\\/Http\\/Kernel.php\",\"line\":109,\"function\":\"sendRequestThroughRouter\",\"class\":\"Illuminate\\\\Foundation\\\\Http\\\\Kernel\",\"type\":\"->\"},{\"file\":\"\\/home\\/digd4337\\/public_html\\/electroshop\\/index.php\",\"line\":55,\"function\":\"handle\",\"class\":\"Illuminate\\\\Foundation\\\\Http\\\\Kernel\",\"type\":\"->\"}]', 'https://electroshop.diginese.my.id/checkout_store', 9, '2022-01-12 03:35:24', '2022-01-12 03:35:24');
INSERT INTO `error_logs` (`id`, `exception_class`, `message`, `stack_trace`, `url`, `user_id`, `created_at`, `updated_at`) VALUES
(4, 'GuzzleHttp\\Exception\\ClientException', 'Client error: `POST https://sandbox.ipaymu.com/api/v2/payment` resulted in a `401 Unauthorized` response:\n{\"Status\":401,\"Message\":\"unauthorized\"}\n', '[{\"file\":\"\\/home\\/digd4337\\/electroshop\\/vendor\\/guzzlehttp\\/guzzle\\/src\\/Middleware.php\",\"line\":69,\"function\":\"create\",\"class\":\"GuzzleHttp\\\\Exception\\\\RequestException\",\"type\":\"::\"},{\"file\":\"\\/home\\/digd4337\\/electroshop\\/vendor\\/guzzlehttp\\/promises\\/src\\/Promise.php\",\"line\":204,\"function\":\"GuzzleHttp\\\\{closure}\",\"class\":\"GuzzleHttp\\\\Middleware\",\"type\":\"::\"},{\"file\":\"\\/home\\/digd4337\\/electroshop\\/vendor\\/guzzlehttp\\/promises\\/src\\/Promise.php\",\"line\":153,\"function\":\"callHandler\",\"class\":\"GuzzleHttp\\\\Promise\\\\Promise\",\"type\":\"::\"},{\"file\":\"\\/home\\/digd4337\\/electroshop\\/vendor\\/guzzlehttp\\/promises\\/src\\/TaskQueue.php\",\"line\":48,\"function\":\"GuzzleHttp\\\\Promise\\\\{closure}\",\"class\":\"GuzzleHttp\\\\Promise\\\\Promise\",\"type\":\"::\"},{\"file\":\"\\/home\\/digd4337\\/electroshop\\/vendor\\/guzzlehttp\\/promises\\/src\\/Promise.php\",\"line\":248,\"function\":\"run\",\"class\":\"GuzzleHttp\\\\Promise\\\\TaskQueue\",\"type\":\"->\"},{\"file\":\"\\/home\\/digd4337\\/electroshop\\/vendor\\/guzzlehttp\\/promises\\/src\\/Promise.php\",\"line\":224,\"function\":\"invokeWaitFn\",\"class\":\"GuzzleHttp\\\\Promise\\\\Promise\",\"type\":\"->\"},{\"file\":\"\\/home\\/digd4337\\/electroshop\\/vendor\\/guzzlehttp\\/promises\\/src\\/Promise.php\",\"line\":269,\"function\":\"waitIfPending\",\"class\":\"GuzzleHttp\\\\Promise\\\\Promise\",\"type\":\"->\"},{\"file\":\"\\/home\\/digd4337\\/electroshop\\/vendor\\/guzzlehttp\\/promises\\/src\\/Promise.php\",\"line\":226,\"function\":\"invokeWaitList\",\"class\":\"GuzzleHttp\\\\Promise\\\\Promise\",\"type\":\"->\"},{\"file\":\"\\/home\\/digd4337\\/electroshop\\/vendor\\/guzzlehttp\\/promises\\/src\\/Promise.php\",\"line\":62,\"function\":\"waitIfPending\",\"class\":\"GuzzleHttp\\\\Promise\\\\Promise\",\"type\":\"->\"},{\"file\":\"\\/home\\/digd4337\\/electroshop\\/vendor\\/guzzlehttp\\/guzzle\\/src\\/Client.php\",\"line\":187,\"function\":\"wait\",\"class\":\"GuzzleHttp\\\\Promise\\\\Promise\",\"type\":\"->\"},{\"file\":\"\\/home\\/digd4337\\/electroshop\\/app\\/Http\\/Controllers\\/FrontPageController.php\",\"line\":236,\"function\":\"request\",\"class\":\"GuzzleHttp\\\\Client\",\"type\":\"->\"},{\"file\":\"\\/home\\/digd4337\\/electroshop\\/vendor\\/laravel\\/framework\\/src\\/Illuminate\\/Routing\\/Controller.php\",\"line\":54,\"function\":\"store_checkout\",\"class\":\"App\\\\Http\\\\Controllers\\\\FrontPageController\",\"type\":\"->\"},{\"file\":\"\\/home\\/digd4337\\/electroshop\\/vendor\\/laravel\\/framework\\/src\\/Illuminate\\/Routing\\/ControllerDispatcher.php\",\"line\":45,\"function\":\"callAction\",\"class\":\"Illuminate\\\\Routing\\\\Controller\",\"type\":\"->\"},{\"file\":\"\\/home\\/digd4337\\/electroshop\\/vendor\\/laravel\\/framework\\/src\\/Illuminate\\/Routing\\/Route.php\",\"line\":239,\"function\":\"dispatch\",\"class\":\"Illuminate\\\\Routing\\\\ControllerDispatcher\",\"type\":\"->\"},{\"file\":\"\\/home\\/digd4337\\/electroshop\\/vendor\\/laravel\\/framework\\/src\\/Illuminate\\/Routing\\/Route.php\",\"line\":196,\"function\":\"runController\",\"class\":\"Illuminate\\\\Routing\\\\Route\",\"type\":\"->\"},{\"file\":\"\\/home\\/digd4337\\/electroshop\\/vendor\\/laravel\\/framework\\/src\\/Illuminate\\/Routing\\/Router.php\",\"line\":685,\"function\":\"run\",\"class\":\"Illuminate\\\\Routing\\\\Route\",\"type\":\"->\"},{\"file\":\"\\/home\\/digd4337\\/electroshop\\/vendor\\/laravel\\/framework\\/src\\/Illuminate\\/Pipeline\\/Pipeline.php\",\"line\":128,\"function\":\"Illuminate\\\\Routing\\\\{closure}\",\"class\":\"Illuminate\\\\Routing\\\\Router\",\"type\":\"->\"},{\"file\":\"\\/home\\/digd4337\\/electroshop\\/app\\/Http\\/Middleware\\/MemberMiddleware.php\",\"line\":20,\"function\":\"Illuminate\\\\Pipeline\\\\{closure}\",\"class\":\"Illuminate\\\\Pipeline\\\\Pipeline\",\"type\":\"->\"},{\"file\":\"\\/home\\/digd4337\\/electroshop\\/vendor\\/laravel\\/framework\\/src\\/Illuminate\\/Pipeline\\/Pipeline.php\",\"line\":167,\"function\":\"handle\",\"class\":\"App\\\\Http\\\\Middleware\\\\MemberMiddleware\",\"type\":\"->\"},{\"file\":\"\\/home\\/digd4337\\/electroshop\\/app\\/Http\\/Middleware\\/Localization.php\",\"line\":22,\"function\":\"Illuminate\\\\Pipeline\\\\{closure}\",\"class\":\"Illuminate\\\\Pipeline\\\\Pipeline\",\"type\":\"->\"},{\"file\":\"\\/home\\/digd4337\\/electroshop\\/vendor\\/laravel\\/framework\\/src\\/Illuminate\\/Pipeline\\/Pipeline.php\",\"line\":167,\"function\":\"handle\",\"class\":\"App\\\\Http\\\\Middleware\\\\Localization\",\"type\":\"->\"},{\"file\":\"\\/home\\/digd4337\\/electroshop\\/vendor\\/laravel\\/framework\\/src\\/Illuminate\\/Routing\\/Middleware\\/SubstituteBindings.php\",\"line\":41,\"function\":\"Illuminate\\\\Pipeline\\\\{closure}\",\"class\":\"Illuminate\\\\Pipeline\\\\Pipeline\",\"type\":\"->\"},{\"file\":\"\\/home\\/digd4337\\/electroshop\\/vendor\\/laravel\\/framework\\/src\\/Illuminate\\/Pipeline\\/Pipeline.php\",\"line\":167,\"function\":\"handle\",\"class\":\"Illuminate\\\\Routing\\\\Middleware\\\\SubstituteBindings\",\"type\":\"->\"},{\"file\":\"\\/home\\/digd4337\\/electroshop\\/vendor\\/laravel\\/framework\\/src\\/Illuminate\\/Auth\\/Middleware\\/Authenticate.php\",\"line\":44,\"function\":\"Illuminate\\\\Pipeline\\\\{closure}\",\"class\":\"Illuminate\\\\Pipeline\\\\Pipeline\",\"type\":\"->\"},{\"file\":\"\\/home\\/digd4337\\/electroshop\\/vendor\\/laravel\\/framework\\/src\\/Illuminate\\/Pipeline\\/Pipeline.php\",\"line\":167,\"function\":\"handle\",\"class\":\"Illuminate\\\\Auth\\\\Middleware\\\\Authenticate\",\"type\":\"->\"},{\"file\":\"\\/home\\/digd4337\\/electroshop\\/vendor\\/laravel\\/framework\\/src\\/Illuminate\\/Foundation\\/Http\\/Middleware\\/VerifyCsrfToken.php\",\"line\":78,\"function\":\"Illuminate\\\\Pipeline\\\\{closure}\",\"class\":\"Illuminate\\\\Pipeline\\\\Pipeline\",\"type\":\"->\"},{\"file\":\"\\/home\\/digd4337\\/electroshop\\/vendor\\/laravel\\/framework\\/src\\/Illuminate\\/Pipeline\\/Pipeline.php\",\"line\":167,\"function\":\"handle\",\"class\":\"Illuminate\\\\Foundation\\\\Http\\\\Middleware\\\\VerifyCsrfToken\",\"type\":\"->\"},{\"file\":\"\\/home\\/digd4337\\/electroshop\\/vendor\\/laravel\\/framework\\/src\\/Illuminate\\/View\\/Middleware\\/ShareErrorsFromSession.php\",\"line\":49,\"function\":\"Illuminate\\\\Pipeline\\\\{closure}\",\"class\":\"Illuminate\\\\Pipeline\\\\Pipeline\",\"type\":\"->\"},{\"file\":\"\\/home\\/digd4337\\/electroshop\\/vendor\\/laravel\\/framework\\/src\\/Illuminate\\/Pipeline\\/Pipeline.php\",\"line\":167,\"function\":\"handle\",\"class\":\"Illuminate\\\\View\\\\Middleware\\\\ShareErrorsFromSession\",\"type\":\"->\"},{\"file\":\"\\/home\\/digd4337\\/electroshop\\/vendor\\/laravel\\/framework\\/src\\/Illuminate\\/Session\\/Middleware\\/StartSession.php\",\"line\":116,\"function\":\"Illuminate\\\\Pipeline\\\\{closure}\",\"class\":\"Illuminate\\\\Pipeline\\\\Pipeline\",\"type\":\"->\"},{\"file\":\"\\/home\\/digd4337\\/electroshop\\/vendor\\/laravel\\/framework\\/src\\/Illuminate\\/Session\\/Middleware\\/StartSession.php\",\"line\":62,\"function\":\"handleStatefulRequest\",\"class\":\"Illuminate\\\\Session\\\\Middleware\\\\StartSession\",\"type\":\"->\"},{\"file\":\"\\/home\\/digd4337\\/electroshop\\/vendor\\/laravel\\/framework\\/src\\/Illuminate\\/Pipeline\\/Pipeline.php\",\"line\":167,\"function\":\"handle\",\"class\":\"Illuminate\\\\Session\\\\Middleware\\\\StartSession\",\"type\":\"->\"},{\"file\":\"\\/home\\/digd4337\\/electroshop\\/vendor\\/laravel\\/framework\\/src\\/Illuminate\\/Cookie\\/Middleware\\/AddQueuedCookiesToResponse.php\",\"line\":37,\"function\":\"Illuminate\\\\Pipeline\\\\{closure}\",\"class\":\"Illuminate\\\\Pipeline\\\\Pipeline\",\"type\":\"->\"},{\"file\":\"\\/home\\/digd4337\\/electroshop\\/vendor\\/laravel\\/framework\\/src\\/Illuminate\\/Pipeline\\/Pipeline.php\",\"line\":167,\"function\":\"handle\",\"class\":\"Illuminate\\\\Cookie\\\\Middleware\\\\AddQueuedCookiesToResponse\",\"type\":\"->\"},{\"file\":\"\\/home\\/digd4337\\/electroshop\\/vendor\\/laravel\\/framework\\/src\\/Illuminate\\/Cookie\\/Middleware\\/EncryptCookies.php\",\"line\":67,\"function\":\"Illuminate\\\\Pipeline\\\\{closure}\",\"class\":\"Illuminate\\\\Pipeline\\\\Pipeline\",\"type\":\"->\"},{\"file\":\"\\/home\\/digd4337\\/electroshop\\/vendor\\/laravel\\/framework\\/src\\/Illuminate\\/Pipeline\\/Pipeline.php\",\"line\":167,\"function\":\"handle\",\"class\":\"Illuminate\\\\Cookie\\\\Middleware\\\\EncryptCookies\",\"type\":\"->\"},{\"file\":\"\\/home\\/digd4337\\/electroshop\\/vendor\\/laravel\\/framework\\/src\\/Illuminate\\/Pipeline\\/Pipeline.php\",\"line\":103,\"function\":\"Illuminate\\\\Pipeline\\\\{closure}\",\"class\":\"Illuminate\\\\Pipeline\\\\Pipeline\",\"type\":\"->\"},{\"file\":\"\\/home\\/digd4337\\/electroshop\\/vendor\\/laravel\\/framework\\/src\\/Illuminate\\/Routing\\/Router.php\",\"line\":687,\"function\":\"then\",\"class\":\"Illuminate\\\\Pipeline\\\\Pipeline\",\"type\":\"->\"},{\"file\":\"\\/home\\/digd4337\\/electroshop\\/vendor\\/laravel\\/framework\\/src\\/Illuminate\\/Routing\\/Router.php\",\"line\":662,\"function\":\"runRouteWithinStack\",\"class\":\"Illuminate\\\\Routing\\\\Router\",\"type\":\"->\"},{\"file\":\"\\/home\\/digd4337\\/electroshop\\/vendor\\/laravel\\/framework\\/src\\/Illuminate\\/Routing\\/Router.php\",\"line\":628,\"function\":\"runRoute\",\"class\":\"Illuminate\\\\Routing\\\\Router\",\"type\":\"->\"},{\"file\":\"\\/home\\/digd4337\\/electroshop\\/vendor\\/laravel\\/framework\\/src\\/Illuminate\\/Routing\\/Router.php\",\"line\":617,\"function\":\"dispatchToRoute\",\"class\":\"Illuminate\\\\Routing\\\\Router\",\"type\":\"->\"},{\"file\":\"\\/home\\/digd4337\\/electroshop\\/vendor\\/laravel\\/framework\\/src\\/Illuminate\\/Foundation\\/Http\\/Kernel.php\",\"line\":165,\"function\":\"dispatch\",\"class\":\"Illuminate\\\\Routing\\\\Router\",\"type\":\"->\"},{\"file\":\"\\/home\\/digd4337\\/electroshop\\/vendor\\/laravel\\/framework\\/src\\/Illuminate\\/Pipeline\\/Pipeline.php\",\"line\":128,\"function\":\"Illuminate\\\\Foundation\\\\Http\\\\{closure}\",\"class\":\"Illuminate\\\\Foundation\\\\Http\\\\Kernel\",\"type\":\"->\"},{\"file\":\"\\/home\\/digd4337\\/electroshop\\/vendor\\/laravel\\/framework\\/src\\/Illuminate\\/Foundation\\/Http\\/Middleware\\/TransformsRequest.php\",\"line\":21,\"function\":\"Illuminate\\\\Pipeline\\\\{closure}\",\"class\":\"Illuminate\\\\Pipeline\\\\Pipeline\",\"type\":\"->\"},{\"file\":\"\\/home\\/digd4337\\/electroshop\\/vendor\\/laravel\\/framework\\/src\\/Illuminate\\/Pipeline\\/Pipeline.php\",\"line\":167,\"function\":\"handle\",\"class\":\"Illuminate\\\\Foundation\\\\Http\\\\Middleware\\\\TransformsRequest\",\"type\":\"->\"},{\"file\":\"\\/home\\/digd4337\\/electroshop\\/vendor\\/laravel\\/framework\\/src\\/Illuminate\\/Foundation\\/Http\\/Middleware\\/TransformsRequest.php\",\"line\":21,\"function\":\"Illuminate\\\\Pipeline\\\\{closure}\",\"class\":\"Illuminate\\\\Pipeline\\\\Pipeline\",\"type\":\"->\"},{\"file\":\"\\/home\\/digd4337\\/electroshop\\/vendor\\/laravel\\/framework\\/src\\/Illuminate\\/Pipeline\\/Pipeline.php\",\"line\":167,\"function\":\"handle\",\"class\":\"Illuminate\\\\Foundation\\\\Http\\\\Middleware\\\\TransformsRequest\",\"type\":\"->\"},{\"file\":\"\\/home\\/digd4337\\/electroshop\\/vendor\\/laravel\\/framework\\/src\\/Illuminate\\/Foundation\\/Http\\/Middleware\\/ValidatePostSize.php\",\"line\":27,\"function\":\"Illuminate\\\\Pipeline\\\\{closure}\",\"class\":\"Illuminate\\\\Pipeline\\\\Pipeline\",\"type\":\"->\"},{\"file\":\"\\/home\\/digd4337\\/electroshop\\/vendor\\/laravel\\/framework\\/src\\/Illuminate\\/Pipeline\\/Pipeline.php\",\"line\":167,\"function\":\"handle\",\"class\":\"Illuminate\\\\Foundation\\\\Http\\\\Middleware\\\\ValidatePostSize\",\"type\":\"->\"},{\"file\":\"\\/home\\/digd4337\\/electroshop\\/vendor\\/laravel\\/framework\\/src\\/Illuminate\\/Foundation\\/Http\\/Middleware\\/CheckForMaintenanceMode.php\",\"line\":63,\"function\":\"Illuminate\\\\Pipeline\\\\{closure}\",\"class\":\"Illuminate\\\\Pipeline\\\\Pipeline\",\"type\":\"->\"},{\"file\":\"\\/home\\/digd4337\\/electroshop\\/vendor\\/laravel\\/framework\\/src\\/Illuminate\\/Pipeline\\/Pipeline.php\",\"line\":167,\"function\":\"handle\",\"class\":\"Illuminate\\\\Foundation\\\\Http\\\\Middleware\\\\CheckForMaintenanceMode\",\"type\":\"->\"},{\"file\":\"\\/home\\/digd4337\\/electroshop\\/vendor\\/fruitcake\\/laravel-cors\\/src\\/HandleCors.php\",\"line\":38,\"function\":\"Illuminate\\\\Pipeline\\\\{closure}\",\"class\":\"Illuminate\\\\Pipeline\\\\Pipeline\",\"type\":\"->\"},{\"file\":\"\\/home\\/digd4337\\/electroshop\\/vendor\\/laravel\\/framework\\/src\\/Illuminate\\/Pipeline\\/Pipeline.php\",\"line\":167,\"function\":\"handle\",\"class\":\"Fruitcake\\\\Cors\\\\HandleCors\",\"type\":\"->\"},{\"file\":\"\\/home\\/digd4337\\/electroshop\\/vendor\\/fideloper\\/proxy\\/src\\/TrustProxies.php\",\"line\":57,\"function\":\"Illuminate\\\\Pipeline\\\\{closure}\",\"class\":\"Illuminate\\\\Pipeline\\\\Pipeline\",\"type\":\"->\"},{\"file\":\"\\/home\\/digd4337\\/electroshop\\/vendor\\/laravel\\/framework\\/src\\/Illuminate\\/Pipeline\\/Pipeline.php\",\"line\":167,\"function\":\"handle\",\"class\":\"Fideloper\\\\Proxy\\\\TrustProxies\",\"type\":\"->\"},{\"file\":\"\\/home\\/digd4337\\/electroshop\\/vendor\\/laravel\\/framework\\/src\\/Illuminate\\/Pipeline\\/Pipeline.php\",\"line\":103,\"function\":\"Illuminate\\\\Pipeline\\\\{closure}\",\"class\":\"Illuminate\\\\Pipeline\\\\Pipeline\",\"type\":\"->\"},{\"file\":\"\\/home\\/digd4337\\/electroshop\\/vendor\\/laravel\\/framework\\/src\\/Illuminate\\/Foundation\\/Http\\/Kernel.php\",\"line\":140,\"function\":\"then\",\"class\":\"Illuminate\\\\Pipeline\\\\Pipeline\",\"type\":\"->\"},{\"file\":\"\\/home\\/digd4337\\/electroshop\\/vendor\\/laravel\\/framework\\/src\\/Illuminate\\/Foundation\\/Http\\/Kernel.php\",\"line\":109,\"function\":\"sendRequestThroughRouter\",\"class\":\"Illuminate\\\\Foundation\\\\Http\\\\Kernel\",\"type\":\"->\"},{\"file\":\"\\/home\\/digd4337\\/public_html\\/electroshop\\/index.php\",\"line\":55,\"function\":\"handle\",\"class\":\"Illuminate\\\\Foundation\\\\Http\\\\Kernel\",\"type\":\"->\"}]', 'https://electroshop.diginese.my.id/checkout_store', 9, '2022-01-12 03:37:37', '2022-01-12 03:37:37'),
(5, 'GuzzleHttp\\Exception\\ClientException', 'Client error: `POST https://sandbox.ipaymu.com/api/v2/payment` resulted in a `401 Unauthorized` response:\n{\"Status\":401,\"Message\":\"unauthorized\"}\n', '[{\"file\":\"\\/home\\/digd4337\\/electroshop\\/vendor\\/guzzlehttp\\/guzzle\\/src\\/Middleware.php\",\"line\":69,\"function\":\"create\",\"class\":\"GuzzleHttp\\\\Exception\\\\RequestException\",\"type\":\"::\"},{\"file\":\"\\/home\\/digd4337\\/electroshop\\/vendor\\/guzzlehttp\\/promises\\/src\\/Promise.php\",\"line\":204,\"function\":\"GuzzleHttp\\\\{closure}\",\"class\":\"GuzzleHttp\\\\Middleware\",\"type\":\"::\"},{\"file\":\"\\/home\\/digd4337\\/electroshop\\/vendor\\/guzzlehttp\\/promises\\/src\\/Promise.php\",\"line\":153,\"function\":\"callHandler\",\"class\":\"GuzzleHttp\\\\Promise\\\\Promise\",\"type\":\"::\"},{\"file\":\"\\/home\\/digd4337\\/electroshop\\/vendor\\/guzzlehttp\\/promises\\/src\\/TaskQueue.php\",\"line\":48,\"function\":\"GuzzleHttp\\\\Promise\\\\{closure}\",\"class\":\"GuzzleHttp\\\\Promise\\\\Promise\",\"type\":\"::\"},{\"file\":\"\\/home\\/digd4337\\/electroshop\\/vendor\\/guzzlehttp\\/promises\\/src\\/Promise.php\",\"line\":248,\"function\":\"run\",\"class\":\"GuzzleHttp\\\\Promise\\\\TaskQueue\",\"type\":\"->\"},{\"file\":\"\\/home\\/digd4337\\/electroshop\\/vendor\\/guzzlehttp\\/promises\\/src\\/Promise.php\",\"line\":224,\"function\":\"invokeWaitFn\",\"class\":\"GuzzleHttp\\\\Promise\\\\Promise\",\"type\":\"->\"},{\"file\":\"\\/home\\/digd4337\\/electroshop\\/vendor\\/guzzlehttp\\/promises\\/src\\/Promise.php\",\"line\":269,\"function\":\"waitIfPending\",\"class\":\"GuzzleHttp\\\\Promise\\\\Promise\",\"type\":\"->\"},{\"file\":\"\\/home\\/digd4337\\/electroshop\\/vendor\\/guzzlehttp\\/promises\\/src\\/Promise.php\",\"line\":226,\"function\":\"invokeWaitList\",\"class\":\"GuzzleHttp\\\\Promise\\\\Promise\",\"type\":\"->\"},{\"file\":\"\\/home\\/digd4337\\/electroshop\\/vendor\\/guzzlehttp\\/promises\\/src\\/Promise.php\",\"line\":62,\"function\":\"waitIfPending\",\"class\":\"GuzzleHttp\\\\Promise\\\\Promise\",\"type\":\"->\"},{\"file\":\"\\/home\\/digd4337\\/electroshop\\/vendor\\/guzzlehttp\\/guzzle\\/src\\/Client.php\",\"line\":187,\"function\":\"wait\",\"class\":\"GuzzleHttp\\\\Promise\\\\Promise\",\"type\":\"->\"},{\"file\":\"\\/home\\/digd4337\\/electroshop\\/app\\/Http\\/Controllers\\/FrontPageController.php\",\"line\":236,\"function\":\"request\",\"class\":\"GuzzleHttp\\\\Client\",\"type\":\"->\"},{\"file\":\"\\/home\\/digd4337\\/electroshop\\/vendor\\/laravel\\/framework\\/src\\/Illuminate\\/Routing\\/Controller.php\",\"line\":54,\"function\":\"store_checkout\",\"class\":\"App\\\\Http\\\\Controllers\\\\FrontPageController\",\"type\":\"->\"},{\"file\":\"\\/home\\/digd4337\\/electroshop\\/vendor\\/laravel\\/framework\\/src\\/Illuminate\\/Routing\\/ControllerDispatcher.php\",\"line\":45,\"function\":\"callAction\",\"class\":\"Illuminate\\\\Routing\\\\Controller\",\"type\":\"->\"},{\"file\":\"\\/home\\/digd4337\\/electroshop\\/vendor\\/laravel\\/framework\\/src\\/Illuminate\\/Routing\\/Route.php\",\"line\":239,\"function\":\"dispatch\",\"class\":\"Illuminate\\\\Routing\\\\ControllerDispatcher\",\"type\":\"->\"},{\"file\":\"\\/home\\/digd4337\\/electroshop\\/vendor\\/laravel\\/framework\\/src\\/Illuminate\\/Routing\\/Route.php\",\"line\":196,\"function\":\"runController\",\"class\":\"Illuminate\\\\Routing\\\\Route\",\"type\":\"->\"},{\"file\":\"\\/home\\/digd4337\\/electroshop\\/vendor\\/laravel\\/framework\\/src\\/Illuminate\\/Routing\\/Router.php\",\"line\":685,\"function\":\"run\",\"class\":\"Illuminate\\\\Routing\\\\Route\",\"type\":\"->\"},{\"file\":\"\\/home\\/digd4337\\/electroshop\\/vendor\\/laravel\\/framework\\/src\\/Illuminate\\/Pipeline\\/Pipeline.php\",\"line\":128,\"function\":\"Illuminate\\\\Routing\\\\{closure}\",\"class\":\"Illuminate\\\\Routing\\\\Router\",\"type\":\"->\"},{\"file\":\"\\/home\\/digd4337\\/electroshop\\/app\\/Http\\/Middleware\\/MemberMiddleware.php\",\"line\":20,\"function\":\"Illuminate\\\\Pipeline\\\\{closure}\",\"class\":\"Illuminate\\\\Pipeline\\\\Pipeline\",\"type\":\"->\"},{\"file\":\"\\/home\\/digd4337\\/electroshop\\/vendor\\/laravel\\/framework\\/src\\/Illuminate\\/Pipeline\\/Pipeline.php\",\"line\":167,\"function\":\"handle\",\"class\":\"App\\\\Http\\\\Middleware\\\\MemberMiddleware\",\"type\":\"->\"},{\"file\":\"\\/home\\/digd4337\\/electroshop\\/app\\/Http\\/Middleware\\/Localization.php\",\"line\":22,\"function\":\"Illuminate\\\\Pipeline\\\\{closure}\",\"class\":\"Illuminate\\\\Pipeline\\\\Pipeline\",\"type\":\"->\"},{\"file\":\"\\/home\\/digd4337\\/electroshop\\/vendor\\/laravel\\/framework\\/src\\/Illuminate\\/Pipeline\\/Pipeline.php\",\"line\":167,\"function\":\"handle\",\"class\":\"App\\\\Http\\\\Middleware\\\\Localization\",\"type\":\"->\"},{\"file\":\"\\/home\\/digd4337\\/electroshop\\/vendor\\/laravel\\/framework\\/src\\/Illuminate\\/Routing\\/Middleware\\/SubstituteBindings.php\",\"line\":41,\"function\":\"Illuminate\\\\Pipeline\\\\{closure}\",\"class\":\"Illuminate\\\\Pipeline\\\\Pipeline\",\"type\":\"->\"},{\"file\":\"\\/home\\/digd4337\\/electroshop\\/vendor\\/laravel\\/framework\\/src\\/Illuminate\\/Pipeline\\/Pipeline.php\",\"line\":167,\"function\":\"handle\",\"class\":\"Illuminate\\\\Routing\\\\Middleware\\\\SubstituteBindings\",\"type\":\"->\"},{\"file\":\"\\/home\\/digd4337\\/electroshop\\/vendor\\/laravel\\/framework\\/src\\/Illuminate\\/Auth\\/Middleware\\/Authenticate.php\",\"line\":44,\"function\":\"Illuminate\\\\Pipeline\\\\{closure}\",\"class\":\"Illuminate\\\\Pipeline\\\\Pipeline\",\"type\":\"->\"},{\"file\":\"\\/home\\/digd4337\\/electroshop\\/vendor\\/laravel\\/framework\\/src\\/Illuminate\\/Pipeline\\/Pipeline.php\",\"line\":167,\"function\":\"handle\",\"class\":\"Illuminate\\\\Auth\\\\Middleware\\\\Authenticate\",\"type\":\"->\"},{\"file\":\"\\/home\\/digd4337\\/electroshop\\/vendor\\/laravel\\/framework\\/src\\/Illuminate\\/Foundation\\/Http\\/Middleware\\/VerifyCsrfToken.php\",\"line\":78,\"function\":\"Illuminate\\\\Pipeline\\\\{closure}\",\"class\":\"Illuminate\\\\Pipeline\\\\Pipeline\",\"type\":\"->\"},{\"file\":\"\\/home\\/digd4337\\/electroshop\\/vendor\\/laravel\\/framework\\/src\\/Illuminate\\/Pipeline\\/Pipeline.php\",\"line\":167,\"function\":\"handle\",\"class\":\"Illuminate\\\\Foundation\\\\Http\\\\Middleware\\\\VerifyCsrfToken\",\"type\":\"->\"},{\"file\":\"\\/home\\/digd4337\\/electroshop\\/vendor\\/laravel\\/framework\\/src\\/Illuminate\\/View\\/Middleware\\/ShareErrorsFromSession.php\",\"line\":49,\"function\":\"Illuminate\\\\Pipeline\\\\{closure}\",\"class\":\"Illuminate\\\\Pipeline\\\\Pipeline\",\"type\":\"->\"},{\"file\":\"\\/home\\/digd4337\\/electroshop\\/vendor\\/laravel\\/framework\\/src\\/Illuminate\\/Pipeline\\/Pipeline.php\",\"line\":167,\"function\":\"handle\",\"class\":\"Illuminate\\\\View\\\\Middleware\\\\ShareErrorsFromSession\",\"type\":\"->\"},{\"file\":\"\\/home\\/digd4337\\/electroshop\\/vendor\\/laravel\\/framework\\/src\\/Illuminate\\/Session\\/Middleware\\/StartSession.php\",\"line\":116,\"function\":\"Illuminate\\\\Pipeline\\\\{closure}\",\"class\":\"Illuminate\\\\Pipeline\\\\Pipeline\",\"type\":\"->\"},{\"file\":\"\\/home\\/digd4337\\/electroshop\\/vendor\\/laravel\\/framework\\/src\\/Illuminate\\/Session\\/Middleware\\/StartSession.php\",\"line\":62,\"function\":\"handleStatefulRequest\",\"class\":\"Illuminate\\\\Session\\\\Middleware\\\\StartSession\",\"type\":\"->\"},{\"file\":\"\\/home\\/digd4337\\/electroshop\\/vendor\\/laravel\\/framework\\/src\\/Illuminate\\/Pipeline\\/Pipeline.php\",\"line\":167,\"function\":\"handle\",\"class\":\"Illuminate\\\\Session\\\\Middleware\\\\StartSession\",\"type\":\"->\"},{\"file\":\"\\/home\\/digd4337\\/electroshop\\/vendor\\/laravel\\/framework\\/src\\/Illuminate\\/Cookie\\/Middleware\\/AddQueuedCookiesToResponse.php\",\"line\":37,\"function\":\"Illuminate\\\\Pipeline\\\\{closure}\",\"class\":\"Illuminate\\\\Pipeline\\\\Pipeline\",\"type\":\"->\"},{\"file\":\"\\/home\\/digd4337\\/electroshop\\/vendor\\/laravel\\/framework\\/src\\/Illuminate\\/Pipeline\\/Pipeline.php\",\"line\":167,\"function\":\"handle\",\"class\":\"Illuminate\\\\Cookie\\\\Middleware\\\\AddQueuedCookiesToResponse\",\"type\":\"->\"},{\"file\":\"\\/home\\/digd4337\\/electroshop\\/vendor\\/laravel\\/framework\\/src\\/Illuminate\\/Cookie\\/Middleware\\/EncryptCookies.php\",\"line\":67,\"function\":\"Illuminate\\\\Pipeline\\\\{closure}\",\"class\":\"Illuminate\\\\Pipeline\\\\Pipeline\",\"type\":\"->\"},{\"file\":\"\\/home\\/digd4337\\/electroshop\\/vendor\\/laravel\\/framework\\/src\\/Illuminate\\/Pipeline\\/Pipeline.php\",\"line\":167,\"function\":\"handle\",\"class\":\"Illuminate\\\\Cookie\\\\Middleware\\\\EncryptCookies\",\"type\":\"->\"},{\"file\":\"\\/home\\/digd4337\\/electroshop\\/vendor\\/laravel\\/framework\\/src\\/Illuminate\\/Pipeline\\/Pipeline.php\",\"line\":103,\"function\":\"Illuminate\\\\Pipeline\\\\{closure}\",\"class\":\"Illuminate\\\\Pipeline\\\\Pipeline\",\"type\":\"->\"},{\"file\":\"\\/home\\/digd4337\\/electroshop\\/vendor\\/laravel\\/framework\\/src\\/Illuminate\\/Routing\\/Router.php\",\"line\":687,\"function\":\"then\",\"class\":\"Illuminate\\\\Pipeline\\\\Pipeline\",\"type\":\"->\"},{\"file\":\"\\/home\\/digd4337\\/electroshop\\/vendor\\/laravel\\/framework\\/src\\/Illuminate\\/Routing\\/Router.php\",\"line\":662,\"function\":\"runRouteWithinStack\",\"class\":\"Illuminate\\\\Routing\\\\Router\",\"type\":\"->\"},{\"file\":\"\\/home\\/digd4337\\/electroshop\\/vendor\\/laravel\\/framework\\/src\\/Illuminate\\/Routing\\/Router.php\",\"line\":628,\"function\":\"runRoute\",\"class\":\"Illuminate\\\\Routing\\\\Router\",\"type\":\"->\"},{\"file\":\"\\/home\\/digd4337\\/electroshop\\/vendor\\/laravel\\/framework\\/src\\/Illuminate\\/Routing\\/Router.php\",\"line\":617,\"function\":\"dispatchToRoute\",\"class\":\"Illuminate\\\\Routing\\\\Router\",\"type\":\"->\"},{\"file\":\"\\/home\\/digd4337\\/electroshop\\/vendor\\/laravel\\/framework\\/src\\/Illuminate\\/Foundation\\/Http\\/Kernel.php\",\"line\":165,\"function\":\"dispatch\",\"class\":\"Illuminate\\\\Routing\\\\Router\",\"type\":\"->\"},{\"file\":\"\\/home\\/digd4337\\/electroshop\\/vendor\\/laravel\\/framework\\/src\\/Illuminate\\/Pipeline\\/Pipeline.php\",\"line\":128,\"function\":\"Illuminate\\\\Foundation\\\\Http\\\\{closure}\",\"class\":\"Illuminate\\\\Foundation\\\\Http\\\\Kernel\",\"type\":\"->\"},{\"file\":\"\\/home\\/digd4337\\/electroshop\\/vendor\\/laravel\\/framework\\/src\\/Illuminate\\/Foundation\\/Http\\/Middleware\\/TransformsRequest.php\",\"line\":21,\"function\":\"Illuminate\\\\Pipeline\\\\{closure}\",\"class\":\"Illuminate\\\\Pipeline\\\\Pipeline\",\"type\":\"->\"},{\"file\":\"\\/home\\/digd4337\\/electroshop\\/vendor\\/laravel\\/framework\\/src\\/Illuminate\\/Pipeline\\/Pipeline.php\",\"line\":167,\"function\":\"handle\",\"class\":\"Illuminate\\\\Foundation\\\\Http\\\\Middleware\\\\TransformsRequest\",\"type\":\"->\"},{\"file\":\"\\/home\\/digd4337\\/electroshop\\/vendor\\/laravel\\/framework\\/src\\/Illuminate\\/Foundation\\/Http\\/Middleware\\/TransformsRequest.php\",\"line\":21,\"function\":\"Illuminate\\\\Pipeline\\\\{closure}\",\"class\":\"Illuminate\\\\Pipeline\\\\Pipeline\",\"type\":\"->\"},{\"file\":\"\\/home\\/digd4337\\/electroshop\\/vendor\\/laravel\\/framework\\/src\\/Illuminate\\/Pipeline\\/Pipeline.php\",\"line\":167,\"function\":\"handle\",\"class\":\"Illuminate\\\\Foundation\\\\Http\\\\Middleware\\\\TransformsRequest\",\"type\":\"->\"},{\"file\":\"\\/home\\/digd4337\\/electroshop\\/vendor\\/laravel\\/framework\\/src\\/Illuminate\\/Foundation\\/Http\\/Middleware\\/ValidatePostSize.php\",\"line\":27,\"function\":\"Illuminate\\\\Pipeline\\\\{closure}\",\"class\":\"Illuminate\\\\Pipeline\\\\Pipeline\",\"type\":\"->\"},{\"file\":\"\\/home\\/digd4337\\/electroshop\\/vendor\\/laravel\\/framework\\/src\\/Illuminate\\/Pipeline\\/Pipeline.php\",\"line\":167,\"function\":\"handle\",\"class\":\"Illuminate\\\\Foundation\\\\Http\\\\Middleware\\\\ValidatePostSize\",\"type\":\"->\"},{\"file\":\"\\/home\\/digd4337\\/electroshop\\/vendor\\/laravel\\/framework\\/src\\/Illuminate\\/Foundation\\/Http\\/Middleware\\/CheckForMaintenanceMode.php\",\"line\":63,\"function\":\"Illuminate\\\\Pipeline\\\\{closure}\",\"class\":\"Illuminate\\\\Pipeline\\\\Pipeline\",\"type\":\"->\"},{\"file\":\"\\/home\\/digd4337\\/electroshop\\/vendor\\/laravel\\/framework\\/src\\/Illuminate\\/Pipeline\\/Pipeline.php\",\"line\":167,\"function\":\"handle\",\"class\":\"Illuminate\\\\Foundation\\\\Http\\\\Middleware\\\\CheckForMaintenanceMode\",\"type\":\"->\"},{\"file\":\"\\/home\\/digd4337\\/electroshop\\/vendor\\/fruitcake\\/laravel-cors\\/src\\/HandleCors.php\",\"line\":38,\"function\":\"Illuminate\\\\Pipeline\\\\{closure}\",\"class\":\"Illuminate\\\\Pipeline\\\\Pipeline\",\"type\":\"->\"},{\"file\":\"\\/home\\/digd4337\\/electroshop\\/vendor\\/laravel\\/framework\\/src\\/Illuminate\\/Pipeline\\/Pipeline.php\",\"line\":167,\"function\":\"handle\",\"class\":\"Fruitcake\\\\Cors\\\\HandleCors\",\"type\":\"->\"},{\"file\":\"\\/home\\/digd4337\\/electroshop\\/vendor\\/fideloper\\/proxy\\/src\\/TrustProxies.php\",\"line\":57,\"function\":\"Illuminate\\\\Pipeline\\\\{closure}\",\"class\":\"Illuminate\\\\Pipeline\\\\Pipeline\",\"type\":\"->\"},{\"file\":\"\\/home\\/digd4337\\/electroshop\\/vendor\\/laravel\\/framework\\/src\\/Illuminate\\/Pipeline\\/Pipeline.php\",\"line\":167,\"function\":\"handle\",\"class\":\"Fideloper\\\\Proxy\\\\TrustProxies\",\"type\":\"->\"},{\"file\":\"\\/home\\/digd4337\\/electroshop\\/vendor\\/laravel\\/framework\\/src\\/Illuminate\\/Pipeline\\/Pipeline.php\",\"line\":103,\"function\":\"Illuminate\\\\Pipeline\\\\{closure}\",\"class\":\"Illuminate\\\\Pipeline\\\\Pipeline\",\"type\":\"->\"},{\"file\":\"\\/home\\/digd4337\\/electroshop\\/vendor\\/laravel\\/framework\\/src\\/Illuminate\\/Foundation\\/Http\\/Kernel.php\",\"line\":140,\"function\":\"then\",\"class\":\"Illuminate\\\\Pipeline\\\\Pipeline\",\"type\":\"->\"},{\"file\":\"\\/home\\/digd4337\\/electroshop\\/vendor\\/laravel\\/framework\\/src\\/Illuminate\\/Foundation\\/Http\\/Kernel.php\",\"line\":109,\"function\":\"sendRequestThroughRouter\",\"class\":\"Illuminate\\\\Foundation\\\\Http\\\\Kernel\",\"type\":\"->\"},{\"file\":\"\\/home\\/digd4337\\/public_html\\/electroshop\\/index.php\",\"line\":55,\"function\":\"handle\",\"class\":\"Illuminate\\\\Foundation\\\\Http\\\\Kernel\",\"type\":\"->\"}]', 'https://electroshop.diginese.my.id/checkout_store', 9, '2022-01-12 03:37:59', '2022-01-12 03:37:59');

-- --------------------------------------------------------

--
-- Table structure for table `failed_jobs`
--

CREATE TABLE `failed_jobs` (
  `id` bigint(20) UNSIGNED NOT NULL,
  `uuid` varchar(191) COLLATE utf8mb4_unicode_ci NOT NULL,
  `connection` text COLLATE utf8mb4_unicode_ci NOT NULL,
  `queue` text COLLATE utf8mb4_unicode_ci NOT NULL,
  `payload` longtext COLLATE utf8mb4_unicode_ci NOT NULL,
  `exception` longtext COLLATE utf8mb4_unicode_ci NOT NULL,
  `failed_at` timestamp NOT NULL DEFAULT current_timestamp()
) ENGINE=InnoDB DEFAULT CHARSET=utf8mb4 COLLATE=utf8mb4_unicode_ci;

-- --------------------------------------------------------

--
-- Table structure for table `menus`
--

CREATE TABLE `menus` (
  `id` bigint(20) UNSIGNED NOT NULL,
  `slug` varchar(191) COLLATE utf8mb4_unicode_ci NOT NULL,
  `nama` varchar(191) COLLATE utf8mb4_unicode_ci NOT NULL,
  `link` text COLLATE utf8mb4_unicode_ci DEFAULT NULL,
  `urutan` int(11) NOT NULL,
  `visible` tinyint(1) NOT NULL,
  `created_at` timestamp NULL DEFAULT NULL,
  `updated_at` timestamp NULL DEFAULT NULL,
  `position` varchar(191) COLLATE utf8mb4_unicode_ci DEFAULT 'header'
) ENGINE=InnoDB DEFAULT CHARSET=utf8mb4 COLLATE=utf8mb4_unicode_ci;

--
-- Dumping data for table `menus`
--

INSERT INTO `menus` (`id`, `slug`, `nama`, `link`, `urutan`, `visible`, `created_at`, `updated_at`, `position`) VALUES
(10, 'beranda', 'Beranda', 'https://electroshop.diginese.my.id', 1, 1, '2022-01-12 01:39:40', '2022-01-12 01:40:37', 'header'),
(11, 'kategori', 'Kategori', '#', 2, 1, '2022-01-12 01:41:32', '2022-01-12 01:41:32', 'header');

-- --------------------------------------------------------

--
-- Table structure for table `migrations`
--

CREATE TABLE `migrations` (
  `id` int(10) UNSIGNED NOT NULL,
  `migration` varchar(191) COLLATE utf8mb4_unicode_ci NOT NULL,
  `batch` int(11) NOT NULL
) ENGINE=InnoDB DEFAULT CHARSET=utf8mb4 COLLATE=utf8mb4_unicode_ci;

--
-- Dumping data for table `migrations`
--

INSERT INTO `migrations` (`id`, `migration`, `batch`) VALUES
(1, '2014_10_12_000000_create_users_table', 1),
(2, '2014_10_12_100000_create_password_resets_table', 1),
(3, '2019_08_19_000000_create_failed_jobs_table', 1),
(4, '2019_12_14_000001_create_personal_access_tokens_table', 1),
(5, '2021_10_10_050243_create_sliders_table', 1),
(6, '2021_10_10_050421_create_product_categories_table', 1),
(7, '2021_10_10_050503_create_products_table', 1),
(8, '2021_10_10_050516_create_product_galleries_table', 1),
(9, '2021_10_10_050541_create_transactions_table', 1),
(10, '2021_10_10_050550_create_transaction_items_table', 1),
(11, '2021_10_10_050622_create_transaction_logs_table', 1),
(12, '2021_10_10_050631_create_error_logs_table', 1),
(13, '2021_10_16_121627_add_slug_to_products_table', 2),
(14, '2021_10_16_124436_add_is_discount_to_products_table', 2),
(15, '2021_10_16_143136_add_is_verified_to_users_table', 2),
(16, '2021_10_16_155817_add_views_to_products_table', 2),
(17, '2021_10_18_093803_add_link_file_to_products_table', 3),
(18, '2021_10_18_183600_add_somecols_to_transaction_table', 4),
(19, '2021_10_18_190814_add_title_to_transaction_logs_table', 4),
(20, '2021_10_19_103900_add_price_to_transaction_items_table', 5),
(21, '2021_10_19_105738_add_address_to_users_table', 5),
(22, '2021_10_19_113719_add_somcols_to_transactions_table', 5),
(23, '2021_10_19_121126_add_urls_to_transactions_table', 5),
(24, '2021_10_19_174127_add_notify_paid_to_transactions_table', 6),
(25, '2021_10_20_134657_create_menus_table', 7),
(26, '2021_10_20_183620_create_sub_menus_table', 7),
(27, '2021_10_20_190623_create_pages_table', 7),
(28, '2021_10_20_192746_add_page_id_to_sub_menus_tables', 7),
(29, '2021_10_22_131437_add_product_category_id_to_submenu_table', 8),
(30, '2021_10_24_151620_add_soft_deltes_to_products_table', 9),
(31, '2021_10_24_154807_add_visible_to_products_table', 9),
(32, '2021_10_27_162031_add_position_to_menus_table', 10),
(35, '2021_10_28_182618_create_setting_webs_table', 11),
(38, '2021_11_06_212437_add_stock_to_products_table', 12),
(39, '2021_11_06_212612_create_product_stocks_table', 12),
(40, '2021_11_07_001124_add_rajaongkir_api_to_setting_webs_table', 13),
(41, '2021_11_07_232844_create_provinces_table', 14),
(42, '2021_11_07_233002_create_cities_table', 14),
(43, '2021_11_07_233055_create_couriers_table', 14),
(44, '2021_11_08_015057_add_shipping_columns_to_transactions_table', 15),
(45, '2021_11_08_015617_add_city_id_to_web_setting', 16),
(46, '2021_11_08_025431_add_shipping_service_code_to_transactions_table', 17),
(47, '2021_11_09_182757_add_weight_to_products_table', 18),
(48, '2021_11_15_023044_add_logo_rect_to_setting_webs_table', 19),
(49, '2021_12_13_184155_add_state_column_to_transactions_table', 20);

-- --------------------------------------------------------

--
-- Table structure for table `pages`
--

CREATE TABLE `pages` (
  `id` bigint(20) UNSIGNED NOT NULL,
  `slug` varchar(191) COLLATE utf8mb4_unicode_ci DEFAULT NULL,
  `nama` varchar(191) COLLATE utf8mb4_unicode_ci DEFAULT NULL,
  `konten` text COLLATE utf8mb4_unicode_ci DEFAULT NULL,
  `created_at` timestamp NULL DEFAULT NULL,
  `updated_at` timestamp NULL DEFAULT NULL
) ENGINE=InnoDB DEFAULT CHARSET=utf8mb4 COLLATE=utf8mb4_unicode_ci;

-- --------------------------------------------------------

--
-- Table structure for table `password_resets`
--

CREATE TABLE `password_resets` (
  `email` varchar(191) COLLATE utf8mb4_unicode_ci NOT NULL,
  `token` varchar(191) COLLATE utf8mb4_unicode_ci NOT NULL,
  `created_at` timestamp NULL DEFAULT NULL
) ENGINE=InnoDB DEFAULT CHARSET=utf8mb4 COLLATE=utf8mb4_unicode_ci;

--
-- Dumping data for table `password_resets`
--

INSERT INTO `password_resets` (`email`, `token`, `created_at`) VALUES
('dadhinz@gmail.com', '$2y$10$dSnLDaSPIaxqY8/nHqL7cO/D0xpEhcVXi8WmzpALlCA9t6ZBY8AnC', '2021-10-26 04:37:06');

-- --------------------------------------------------------

--
-- Table structure for table `personal_access_tokens`
--

CREATE TABLE `personal_access_tokens` (
  `id` bigint(20) UNSIGNED NOT NULL,
  `tokenable_type` varchar(191) COLLATE utf8mb4_unicode_ci NOT NULL,
  `tokenable_id` bigint(20) UNSIGNED NOT NULL,
  `name` varchar(191) COLLATE utf8mb4_unicode_ci NOT NULL,
  `token` varchar(64) COLLATE utf8mb4_unicode_ci NOT NULL,
  `abilities` text COLLATE utf8mb4_unicode_ci DEFAULT NULL,
  `last_used_at` timestamp NULL DEFAULT NULL,
  `created_at` timestamp NULL DEFAULT NULL,
  `updated_at` timestamp NULL DEFAULT NULL
) ENGINE=InnoDB DEFAULT CHARSET=utf8mb4 COLLATE=utf8mb4_unicode_ci;

-- --------------------------------------------------------

--
-- Table structure for table `products`
--

CREATE TABLE `products` (
  `id` bigint(20) UNSIGNED NOT NULL,
  `thumbnail` varchar(191) COLLATE utf8mb4_unicode_ci DEFAULT NULL,
  `name` varchar(191) COLLATE utf8mb4_unicode_ci DEFAULT NULL,
  `description` text COLLATE utf8mb4_unicode_ci DEFAULT NULL,
  `price` varchar(191) COLLATE utf8mb4_unicode_ci DEFAULT NULL,
  `price_striked` varchar(191) COLLATE utf8mb4_unicode_ci DEFAULT NULL,
  `tags` text COLLATE utf8mb4_unicode_ci DEFAULT NULL,
  `user_id` bigint(20) UNSIGNED NOT NULL,
  `product_category_id` bigint(20) UNSIGNED DEFAULT NULL,
  `created_at` timestamp NULL DEFAULT NULL,
  `updated_at` timestamp NULL DEFAULT NULL,
  `slug` varchar(191) COLLATE utf8mb4_unicode_ci DEFAULT NULL,
  `is_discount` int(11) NOT NULL DEFAULT 0,
  `views` bigint(20) NOT NULL DEFAULT 0,
  `link_file` varchar(191) COLLATE utf8mb4_unicode_ci DEFAULT NULL,
  `deleted_at` timestamp NULL DEFAULT NULL,
  `visible` int(11) NOT NULL DEFAULT 1,
  `stock` int(11) NOT NULL DEFAULT 0,
  `weight` bigint(20) DEFAULT 1000
) ENGINE=InnoDB DEFAULT CHARSET=utf8mb4 COLLATE=utf8mb4_unicode_ci;

--
-- Dumping data for table `products`
--

INSERT INTO `products` (`id`, `thumbnail`, `name`, `description`, `price`, `price_striked`, `tags`, `user_id`, `product_category_id`, `created_at`, `updated_at`, `slug`, `is_discount`, `views`, `link_file`, `deleted_at`, `visible`, `stock`, `weight`) VALUES
(1, 'public/uploads/shHzTExgO1KGYhd9XAtuorPBA2ftpAoe.jpg', 'Xiaomi Redmi Note 10S (6GB+64GB) Helio G95 64MP Quad Kamera Layar 6.43 Super AMOLED 5000mAh', 'Xiaomi Redmi Note 10S hadir dengan quad kamera yang siap digunakan untuk memotret momen terbaik sepanjang hari Anda. Bidik apa saja dengan mudah, mulai dari pemandangan yang jauh hingga gambar close-up yang detail. 64MP kamera utama, 8MP kamera ultra-wide, 2MP kamera makro, dan 2MP sensor depth.\r\n\r\nXiaomi Redmi Note 10S dengan 64MP kamera utama, Anda tidak akan melewatkan detail halus sekali pun. Kamera 118? ultra-wide mampu menangkap seluruh cerita dalam satu bingkai. Mode potret AI Bidik kilau cahaya pada malam hari. Ambil foto memukau meskipun dengan setelan cahaya redup.\r\n\r\nXiaomi Redmi Note 10S nikmati semua jenis hiburan dalam warna terang dengan layar Super AMOLED 6.43\"\". 2400*1080 FHD+ DCI-P3 Gamut warna luas Mata yang nyaman sepanjang waktu, dilengkapi dengan sensor cahaya ambien 360?. Secara otomatis menyesuaikan kecerahan. Mode baca 3.0 Seperti membaca buku. Cahaya biru rendah bersertifikasi SGS dirancang untuk kenyamanan mata Anda. \r\n\r\nXiaomi Redmi Note 10S memiliki suara stereo yang menghanyutkan. Dengan volume lebih tinggi dan rentang suara lebih luas, speaker ganda akan membawa Anda ke dunia baru, baik saat menonton film atau bermain game.\r\n\r\nXiaomi Redmi Note 10S memiliki pengisian daya cepat 33W, siap dalam sekejap. Hanya dalam waktu 30 menit, fitur pengisian daya cepat 33W memungkinkan Anda mengisi daya baterai 5000mAh hingga 54%, untuk penggunaan sepanjang hari.*', '2899000', '2699000', NULL, 1, NULL, '2021-12-13 12:50:46', '2021-12-26 18:13:18', 'xiaomi-redmi-note-10s-6gb64gb-helio-g95-64mp-quad-kamera-layar-643-super-amoled-5000mah_BAHj', 1, 8, NULL, NULL, 0, 16, 900),
(2, 'public/uploads/7VUiBpjzaED9zEQ0GYLtCKIP4xfikWSs.jpg', 'Flashdisk Adata 8Gb', 'Kapasitas 8 GB\r\nUSB 3.0\r\nPlug and play', '249000', '246000', NULL, 1, 16, '2021-12-13 12:59:44', '2022-01-12 01:53:27', 'flashdisk-adata-8gb_GYyZ', 1, 8, NULL, NULL, 1, 49, 500),
(3, 'public/uploads/gFRs7GYMJF8VlElPHQRDS9noJLnmP4lA.jpeg', 'printer canon', 'ini adalah printer', '59000', '1000', NULL, 1, 13, '2021-12-13 13:02:02', '2022-01-12 01:55:32', 'printer-canon', 1, 31, NULL, NULL, 1, 98, 73),
(4, 'public/uploads/85AGuT2Uy4AuUv6klK3WvzsdLXTYA7LS.jpg', 'VGA RTX', 'ini adalah vga', '500000', '1000', NULL, 1, NULL, '2021-12-13 13:03:41', '2022-01-12 01:27:02', 'vga-rtx', 1, 45, NULL, NULL, 1, 63, 500),
(5, 'public/uploads/ePqkX8PzlTmaDCZapU54HWrs6qWJuwf5.jpg', 'asus x7539', 'Layar: 14 inci, 2880 x 1880 piksel\r\nProsesor: Intel Core i5-11300H\r\nGrafis: Nvidia GeForce RTX 3050 Max-Q VRAM 4GB GDDR6\r\nRAM: 16 GB LPDDR4x\r\nStorage: SSD 512 GB\r\nSistem Operasi: Windows 10 Home\r\nKamera: 720p HD camera\r\nBaterai: 3-cell, 63WHr', '5000000', NULL, NULL, 1, 19, '2021-12-15 04:43:52', '2022-01-12 03:34:38', 'asus-x7539', 0, 25, NULL, NULL, 1, 0, 100),
(6, 'public/uploads/4K7BRsiMW8r3FFwcZSDHKFI6JtYpCQhU.jpg', 'flashdiskkingston 8gb', 'Kapasitas 8Gb\r\nRegional U.S.A\r\nMade in Taiwan\r\nFlash drive USB DataTraveler dan IronKey Kingston menyediakan penyimpanan file saat bepergian untuk foto, musik, video, dan masih banyak lagi. Tersedia dalam keamanan standar dan terenkripsi untuk rumah, sekolah, kantor, dan organisasi perusahaan.', '70000', NULL, NULL, 1, 16, '2021-12-26 18:29:38', '2022-01-12 03:38:56', 'flashdiskkingston-8gb', 0, 21, NULL, NULL, 1, 9083, 70),
(7, '', 'a', 'g', '54', NULL, NULL, 1, 10, '2022-01-03 03:05:51', '2022-01-03 03:06:28', 'a', 0, 0, NULL, '2022-01-03 03:06:28', 1, 1, 1000),
(8, '', 'b', 'fsdfs', '545', NULL, NULL, 1, 11, '2022-01-03 03:06:14', '2022-01-03 03:06:58', 'b', 0, 0, NULL, '2022-01-03 03:06:58', 1, 1, 1000),
(9, '', 'b', 'b', '1000', NULL, NULL, 1, 11, '2022-01-03 03:06:49', '2022-01-03 03:06:58', 'b_sgCV', 0, 0, NULL, '2022-01-03 03:06:58', 1, 2, 1000),
(10, 'public/uploads/sgbVah3FGZOXItCpGv4QViysoX57p9ov.png', 'coba', 'fsfsfs', '1', NULL, NULL, 1, 12, '2022-01-12 00:55:30', '2022-01-12 00:55:47', 'coba', 0, 0, NULL, '2022-01-12 00:55:47', 1, 1, 1000),
(11, 'public/uploads/qTlOU36KLUR7W0ZapuUIqCprc9RACfVu.jpg', 'Hardisk Seagte 1 TB', 'Seagate  Expansion  1TB \r\nSeagate  Expansion  1TB  IndonesiaSeagate  Expansion  1TB Seagate  Expansion  1TB  fiturSeagate  Expansion  1TB  spesifikasi\r\nSimpan dan pindahkan data dengan mudah, praktis, serta aman dengan HDD Seagate Expansion 1000GB. Hardisk Seagate 2.5Inch dengan kecepatan putaran 5400rpm ini sudah mendukung USB 3.0 dan kecepatan transfer mencapai 5000Mbit/s. Hadir dengan ukuran 176 x 120 x 36mm, hardisk eskternal Seagate Expansion Hitam ini dapat kamu beli dengan penawaran harga terbaik di iPrice mulai dari IDR57500', '249000', '50000', NULL, 1, 17, '2022-01-12 01:16:32', '2022-01-12 01:16:32', 'hardisk-seagte-1-tb', 1, 0, NULL, NULL, 1, 10, 1000);

-- --------------------------------------------------------

--
-- Table structure for table `product_categories`
--

CREATE TABLE `product_categories` (
  `id` bigint(20) UNSIGNED NOT NULL,
  `name` varchar(191) COLLATE utf8mb4_unicode_ci DEFAULT NULL,
  `slug` varchar(191) COLLATE utf8mb4_unicode_ci DEFAULT NULL,
  `thumbnail` varchar(191) COLLATE utf8mb4_unicode_ci DEFAULT NULL,
  `grup_menu` varchar(191) COLLATE utf8mb4_unicode_ci NOT NULL DEFAULT 'templates' COMMENT 'can be templates,tools,pelatihan',
  `created_at` timestamp NULL DEFAULT NULL,
  `updated_at` timestamp NULL DEFAULT NULL
) ENGINE=InnoDB DEFAULT CHARSET=utf8mb4 COLLATE=utf8mb4_unicode_ci;

--
-- Dumping data for table `product_categories`
--

INSERT INTO `product_categories` (`id`, `name`, `slug`, `thumbnail`, `grup_menu`, `created_at`, `updated_at`) VALUES
(12, 'VGA', 'vga', 'public/uploads/WpS3Xll2nggn2MM3NQ3UKoVsJ7x2TPjG.jpg', 'templates', '2021-12-26 18:35:04', '2022-01-11 22:45:56'),
(16, 'FLASHDISK', 'flashdisk', 'public/uploads/z2G0RVTtnP2of7tJoU05Aykg1iDCqPLD.jpg', 'templates', '2022-01-11 22:36:42', '2022-01-11 22:45:44'),
(17, 'HARDISK', 'hardisk', 'public/uploads/xrC9QO0Kl1VIMspglzFlCYCIdgYF2eH8.jpg', 'templates', '2022-01-11 22:39:07', '2022-01-11 22:45:29'),
(18, 'MOUSE', 'mouse', 'public/uploads/PAR9Lzbo1d9RBVs09dBhuGN6rWZZ05kN.png', 'templates', '2022-01-11 22:41:38', '2022-01-11 22:45:17'),
(19, 'LAPTOP', 'laptop', 'public/uploads/tduYB7IjBluVWHOxdf1UdWBSVB3tw0Os.jpeg', 'templates', '2022-01-11 22:42:25', '2022-01-11 22:45:01'),
(20, 'CPU', 'cpu', 'public/uploads/CvkHmlTUVPDSvFExrMbVSJN01Tj9WjZO.jpg', 'templates', '2022-01-11 22:43:14', '2022-01-11 22:44:48'),
(21, 'MONITOR', 'monitor', 'public/uploads/bvlVhHoi8pwfumFFSxvVUFRnx9dAIy4D.jpg', 'templates', '2022-01-11 22:47:33', '2022-01-11 22:47:33'),
(22, 'SCANNER', 'scanner', 'public/uploads/UMW2nXUHzqhevQn1M9uZn2DzHgnCzxNY.jpg', 'templates', '2022-01-11 22:49:39', '2022-01-11 22:49:39'),
(23, 'PROYEKTOR', 'proyektor', 'public/uploads/p7fg4opx1HbgpbGeV4ksUXzbboRKIMqe.jpg', 'templates', '2022-01-11 22:50:50', '2022-01-11 22:50:50'),
(24, 'PRINTER', 'printer', 'public/uploads/tSuLLvvz2qyOCIyLGvsCubLEiUwE5scy.jpeg', 'templates', '2022-01-11 22:52:15', '2022-01-11 22:52:15'),
(25, 'RAM', 'ram', 'public/uploads/ZTXlxeByamV8Lw2IxiggrdyoxnwEchN2.jpg', 'templates', '2022-01-11 22:53:07', '2022-01-11 22:53:07'),
(26, 'OPTICAL DISK', 'optical-disk', 'public/uploads/QEVerLz9qAAIqu1Y5JAjqAASbjB0Bl0m.jpg', 'templates', '2022-01-11 22:54:34', '2022-01-11 22:54:34'),
(27, 'KEYBOARD', 'keyboard', 'public/uploads/Co9Q7VdsKhvgjzsR1AhxKmrmhROq8d6j.jpg', 'templates', '2022-01-11 22:55:55', '2022-01-11 22:55:55');

-- --------------------------------------------------------

--
-- Table structure for table `product_galleries`
--

CREATE TABLE `product_galleries` (
  `id` bigint(20) UNSIGNED NOT NULL,
  `product_id` bigint(20) UNSIGNED NOT NULL,
  `thumbnail` varchar(191) COLLATE utf8mb4_unicode_ci DEFAULT NULL,
  `created_at` timestamp NULL DEFAULT NULL,
  `updated_at` timestamp NULL DEFAULT NULL
) ENGINE=InnoDB DEFAULT CHARSET=utf8mb4 COLLATE=utf8mb4_unicode_ci;

--
-- Dumping data for table `product_galleries`
--

INSERT INTO `product_galleries` (`id`, `product_id`, `thumbnail`, `created_at`, `updated_at`) VALUES
(1, 1, 'public/uploads/3ofmRP5gsN7LgBaFcDfDZQ4oeFDDc00f.jpg', '2021-12-13 12:50:56', '2021-12-13 12:50:56'),
(5, 4, 'public/uploads/QZUg49pbuvWTcgOXC7b7WtswGQAICrFQ.jpg', '2021-12-13 13:03:52', '2021-12-13 13:03:52'),
(6, 4, 'public/uploads/sYHTVvqZ6l6OMtJgX4TQUdVC83J7iTQs.jpg', '2021-12-29 09:31:19', '2021-12-29 09:31:19'),
(7, 4, 'public/uploads/fHvI3HpJUScshwu7Eg4J6yGEak8zcF3q.png', '2021-12-29 09:31:30', '2021-12-29 09:31:30'),
(8, 11, 'public/uploads/fUT10HQVEYfwRkG675x5UH2Azska65Hi.jpg', '2022-01-12 01:19:05', '2022-01-12 01:19:05'),
(9, 11, 'public/uploads/asZzoGoW05S4tWzQpEOGv2RcGKJXsvBy.jpg', '2022-01-12 01:19:20', '2022-01-12 01:19:20'),
(10, 6, 'public/uploads/uHnz9v8bIGIl3ZD5cQdpOKhqEypYGkIP.jpg', '2022-01-12 01:20:42', '2022-01-12 01:20:42'),
(11, 6, 'public/uploads/iaL3zVK9btplMjTM4kPusaIg64L5TNWd.jpg', '2022-01-12 01:20:52', '2022-01-12 01:20:52'),
(12, 5, 'public/uploads/UO6nPl1139VhwyCWnlCdrX06k0eTBpRP.jpg', '2022-01-12 01:23:39', '2022-01-12 01:23:39'),
(13, 5, 'public/uploads/U2U6h2Wcz9YbZXOS5F2VgQfp1AVBuXti.jpg', '2022-01-12 01:23:51', '2022-01-12 01:23:51'),
(14, 3, 'public/uploads/D8OuZf8i66oC8hsh9n74P8htIodbr7ZS.jpeg', '2022-01-12 01:33:39', '2022-01-12 01:33:39'),
(15, 3, 'public/uploads/llBckABtqIgEcxndmez334VaxHjIl05Z.jpg', '2022-01-12 01:33:55', '2022-01-12 01:33:55'),
(16, 2, 'public/uploads/un3x3AWOB0tFPiDnRfhZl0v0e4hgBZ21.jpg', '2022-01-12 01:35:30', '2022-01-12 01:35:30'),
(17, 2, 'public/uploads/gUsGs3PpkAM41ZBg81ULIOz5QzQceXrY.jpg', '2022-01-12 01:35:52', '2022-01-12 01:35:52');

-- --------------------------------------------------------

--
-- Table structure for table `product_stocks`
--

CREATE TABLE `product_stocks` (
  `id` bigint(20) UNSIGNED NOT NULL,
  `product_id` bigint(20) UNSIGNED NOT NULL,
  `action` varchar(191) COLLATE utf8mb4_unicode_ci DEFAULT 'in' COMMENT 'in,out,sold',
  `qty` int(11) NOT NULL DEFAULT 0,
  `transaction_id` bigint(20) UNSIGNED DEFAULT NULL COMMENT 'will filled only if action is sold',
  `notes` varchar(191) COLLATE utf8mb4_unicode_ci DEFAULT NULL,
  `created_at` timestamp NULL DEFAULT NULL,
  `updated_at` timestamp NULL DEFAULT NULL
) ENGINE=InnoDB DEFAULT CHARSET=utf8mb4 COLLATE=utf8mb4_unicode_ci;

--
-- Dumping data for table `product_stocks`
--

INSERT INTO `product_stocks` (`id`, `product_id`, `action`, `qty`, `transaction_id`, `notes`, `created_at`, `updated_at`) VALUES
(1, 1, 'in', 20, NULL, 'Stok Awal', '2021-12-13 12:50:46', '2021-12-13 12:50:46'),
(2, 2, 'in', 50, NULL, 'Stok Awal', '2021-12-13 12:59:44', '2021-12-13 12:59:44'),
(3, 3, 'in', 100, NULL, 'Stok Awal', '2021-12-13 13:02:02', '2021-12-13 13:02:02'),
(4, 4, 'in', 80, NULL, 'Stok Awal', '2021-12-13 13:03:41', '2021-12-13 13:03:41'),
(5, 4, 'sold', 1, 1, 'Produk Terjual: 19491839-4583-415F-BF2B-ABBE5625BAFC', '2021-12-13 13:09:35', '2021-12-13 13:09:35'),
(6, 1, 'sold', 1, 1, 'Produk Terjual: 19491839-4583-415F-BF2B-ABBE5625BAFC', '2021-12-13 13:09:35', '2021-12-13 13:09:35'),
(7, 2, 'sold', 1, 1, 'Produk Terjual: 19491839-4583-415F-BF2B-ABBE5625BAFC', '2021-12-13 13:09:35', '2021-12-13 13:09:35'),
(8, 3, 'sold', 1, 2, 'Produk Terjual: DDE7F959-B5AF-4058-93B7-D3FA65B0E456', '2021-12-14 01:54:58', '2021-12-14 01:54:58'),
(9, 3, 'sold', 2, 3, 'Produk Terjual: 7E743B4B-39CB-49B9-8C3E-5D9F3211F205', '2021-12-14 08:14:06', '2021-12-14 08:14:06'),
(10, 1, 'sold', 1, 4, 'Produk Terjual: D7E7B212-E2EF-4019-885A-6B81EE1D044B', '2021-12-14 08:17:30', '2021-12-14 08:17:30'),
(11, 3, 'sold', 1, 5, 'Produk Terjual: 0F977286-6468-44FA-BCB3-F7EE92619BEC', '2021-12-14 08:19:42', '2021-12-14 08:19:42'),
(12, 4, 'sold', 1, 5, 'Produk Terjual: 0F977286-6468-44FA-BCB3-F7EE92619BEC', '2021-12-14 08:19:42', '2021-12-14 08:19:42'),
(13, 4, 'sold', 12, 6, 'Produk Terjual: F362D672-2AFE-4C15-9514-12375EB27591', '2021-12-15 00:30:57', '2021-12-15 00:30:57'),
(14, 5, 'in', 1, NULL, 'Stok Awal', '2021-12-15 04:43:52', '2021-12-15 04:43:52'),
(15, 3, 'sold', 1, 7, 'Produk Terjual: 9F004D10-BC12-4210-9958-586D46B70C5C', '2021-12-15 05:50:59', '2021-12-15 05:50:59'),
(16, 4, 'sold', 1, 8, 'Produk Terjual: F766C59C-1811-408D-BB44-FE2FF73CBD25', '2021-12-20 03:20:56', '2021-12-20 03:20:56'),
(17, 4, 'sold', 1, 9, 'Produk Terjual: F68A25FD-C786-4665-A6B1-E44F1B44FB2D', '2021-12-20 03:24:40', '2021-12-20 03:24:40'),
(18, 1, 'sold', 1, 9, 'Produk Terjual: F68A25FD-C786-4665-A6B1-E44F1B44FB2D', '2021-12-20 03:24:40', '2021-12-20 03:24:40'),
(19, 3, 'sold', 1, 10, 'Produk Terjual: 541E34D7-E95C-4B22-A804-BF1B68A112DB', '2021-12-20 05:52:11', '2021-12-20 05:52:11'),
(20, 1, 'sold', 1, 11, 'Produk Terjual: F8B7E58A-A0E6-4B03-983B-37C8E46CD0FD', '2021-12-20 05:53:16', '2021-12-20 05:53:16'),
(21, 3, 'sold', 1, 12, 'Produk Terjual: 37FF07BE-3474-4E0B-92D1-6856B573812A', '2021-12-20 06:00:54', '2021-12-20 06:00:54'),
(22, 3, 'sold', 1, 13, 'Produk Terjual: 2703BFF1-6079-42CD-84AB-58A02090FFAF', '2021-12-20 06:07:08', '2021-12-20 06:07:08'),
(23, 3, 'sold', 1, 14, 'Produk Terjual: 9BA5F704-6B96-4363-9569-B80C6F91F84A', '2021-12-20 06:13:57', '2021-12-20 06:13:57'),
(24, 4, 'sold', 1, 15, 'Produk Terjual: 43AB7EBE-4C56-43B9-A61B-2F7273D321CE', '2021-12-20 12:33:40', '2021-12-20 12:33:40'),
(25, 6, 'in', 1, NULL, 'Stok Awal', '2021-12-26 18:29:38', '2021-12-26 18:29:38'),
(26, 4, 'sold', 2, 16, 'Produk Terjual: ', '2021-12-28 04:10:08', '2021-12-28 04:10:08'),
(27, 5, 'sold', 1, 17, 'Produk Terjual: F829506A-DB36-4A72-9483-45ED7E01BF71', '2021-12-28 04:11:03', '2021-12-28 04:11:03'),
(28, 4, 'sold', 3, 18, 'Produk Terjual: ', '2021-12-28 21:51:29', '2021-12-28 21:51:29'),
(29, 6, 'in', 9090, NULL, 'Tambahan dari supplier', '2021-12-29 08:36:30', '2021-12-29 08:36:30'),
(30, 4, 'sold', 4, 19, 'Produk Terjual: ', '2021-12-29 17:59:43', '2021-12-29 17:59:43'),
(31, 6, 'sold', 1, 20, 'Produk Terjual: 149A050F-D698-4D23-9A26-896A7DC1CC95', '2021-12-29 18:00:59', '2021-12-29 18:00:59'),
(32, 6, 'sold', 1, 21, 'Produk Terjual: A1CB4379-2C53-43FD-B319-79D95DA92F83', '2021-12-31 02:44:50', '2021-12-31 02:44:50'),
(33, 4, 'sold', 1, 21, 'Produk Terjual: A1CB4379-2C53-43FD-B319-79D95DA92F83', '2021-12-31 02:44:50', '2021-12-31 02:44:50'),
(34, 7, 'in', 1, NULL, 'Stok Awal', '2022-01-03 03:05:51', '2022-01-03 03:05:51'),
(35, 8, 'in', 1, NULL, 'Stok Awal', '2022-01-03 03:06:14', '2022-01-03 03:06:14'),
(36, 9, 'in', 2, NULL, 'Stok Awal', '2022-01-03 03:06:49', '2022-01-03 03:06:49'),
(37, 3, 'in', 20, NULL, NULL, '2022-01-03 03:08:51', '2022-01-03 03:08:51'),
(38, 4, 'sold', 1, 22, 'Produk Terjual: ', '2022-01-11 05:14:18', '2022-01-11 05:14:18'),
(39, 4, 'sold', 1, 23, 'Produk Terjual: ', '2022-01-11 05:16:54', '2022-01-11 05:16:54'),
(40, 4, 'sold', 1, 24, 'Produk Terjual: ', '2022-01-11 05:17:42', '2022-01-11 05:17:42'),
(41, 3, 'sold', 1, 25, 'Produk Terjual: ', '2022-01-11 05:20:12', '2022-01-11 05:20:12'),
(42, 4, 'in', 20, NULL, NULL, '2022-01-11 05:34:26', '2022-01-11 05:34:26'),
(43, 4, 'sold', 1, 26, 'Produk Terjual: ', '2022-01-11 05:35:26', '2022-01-11 05:35:26'),
(44, 3, 'sold', 1, 27, 'Produk Terjual: ', '2022-01-11 06:00:55', '2022-01-11 06:00:55'),
(45, 3, 'sold', 1, 28, 'Produk Terjual: ', '2022-01-11 07:17:24', '2022-01-11 07:17:24'),
(46, 4, 'sold', 1, 29, 'Produk Terjual: ', '2022-01-11 07:55:28', '2022-01-11 07:55:28'),
(47, 4, 'sold', 1, 30, 'Produk Terjual: ', '2022-01-11 08:16:36', '2022-01-11 08:16:36'),
(48, 4, 'sold', 1, 31, 'Produk Terjual: ', '2022-01-11 08:23:04', '2022-01-11 08:23:04'),
(49, 4, 'sold', 1, 32, 'Produk Terjual: ', '2022-01-11 08:23:54', '2022-01-11 08:23:54'),
(50, 4, 'sold', 1, 33, 'Produk Terjual: ', '2022-01-11 10:09:21', '2022-01-11 10:09:21'),
(51, 4, 'sold', 1, 34, 'Produk Terjual: ', '2022-01-11 15:59:42', '2022-01-11 15:59:42'),
(52, 3, 'sold', 10, 35, 'Produk Terjual: 2EFAD7E0-4A14-47A5-A875-AC17926C6937', '2022-01-11 23:45:23', '2022-01-11 23:45:23'),
(53, 10, 'in', 1, NULL, 'Stok Awal', '2022-01-12 00:55:30', '2022-01-12 00:55:30'),
(54, 6, 'in', 1, NULL, 'Flashdisk Kingston Terbaru 8 GB', '2022-01-12 01:03:59', '2022-01-12 01:03:59'),
(55, 11, 'in', 10, NULL, 'Stok Awal', '2022-01-12 01:16:32', '2022-01-12 01:16:32'),
(56, 5, 'in', 1, NULL, NULL, '2022-01-12 01:26:15', '2022-01-12 01:26:15'),
(57, 5, 'sold', 1, 36, 'Produk Terjual: B62D42D4-13C3-42EE-A947-B06EC1CB0399', '2022-01-12 01:28:00', '2022-01-12 01:28:00'),
(58, 6, 'sold', 1, 37, 'Produk Terjual: B783B29D-4A1A-43B4-9F6A-C7D6FD2424FE', '2022-01-12 01:47:34', '2022-01-12 01:47:34'),
(59, 6, 'sold', 1, 38, 'Produk Terjual: 0C4D65C2-E153-4874-9515-CA935ECF621C', '2022-01-12 01:52:03', '2022-01-12 01:52:03'),
(60, 6, 'sold', 1, 39, 'Produk Terjual: 44A8E52B-7A82-43F7-BAE0-DF1EE0BAEB6A', '2022-01-12 01:54:04', '2022-01-12 01:54:04'),
(61, 6, 'sold', 1, 40, 'Produk Terjual: DAFC9FD6-CC35-4D30-896F-4C08B10B809D', '2022-01-12 01:55:56', '2022-01-12 01:55:56'),
(62, 6, 'sold', 3, 41, 'Produk Terjual: BD678809-8863-4E14-9A81-47E4A639F89F', '2022-01-12 03:38:56', '2022-01-12 03:38:56');

-- --------------------------------------------------------

--
-- Table structure for table `provinces`
--

CREATE TABLE `provinces` (
  `id` bigint(20) UNSIGNED NOT NULL,
  `province_id` bigint(20) UNSIGNED NOT NULL,
  `title` varchar(191) COLLATE utf8mb4_unicode_ci DEFAULT NULL,
  `created_at` timestamp NULL DEFAULT NULL,
  `updated_at` timestamp NULL DEFAULT NULL
) ENGINE=InnoDB DEFAULT CHARSET=utf8mb4 COLLATE=utf8mb4_unicode_ci;

--
-- Dumping data for table `provinces`
--

INSERT INTO `provinces` (`id`, `province_id`, `title`, `created_at`, `updated_at`) VALUES
(1, 1, 'Bali', '2021-11-07 16:38:48', '2021-11-07 16:38:48'),
(2, 2, 'Bangka Belitung', '2021-11-07 16:38:50', '2021-11-07 16:38:50'),
(3, 3, 'Banten', '2021-11-07 16:38:52', '2021-11-07 16:38:52'),
(4, 4, 'Bengkulu', '2021-11-07 16:38:54', '2021-11-07 16:38:54'),
(5, 5, 'DI Yogyakarta', '2021-11-07 16:38:55', '2021-11-07 16:38:55'),
(6, 6, 'DKI Jakarta', '2021-11-07 16:38:57', '2021-11-07 16:38:57'),
(7, 7, 'Gorontalo', '2021-11-07 16:38:59', '2021-11-07 16:38:59'),
(8, 8, 'Jambi', '2021-11-07 16:39:00', '2021-11-07 16:39:00'),
(9, 9, 'Jawa Barat', '2021-11-07 16:39:02', '2021-11-07 16:39:02'),
(10, 10, 'Jawa Tengah', '2021-11-07 16:39:05', '2021-11-07 16:39:05'),
(11, 11, 'Jawa Timur', '2021-11-07 16:39:08', '2021-11-07 16:39:08'),
(12, 12, 'Kalimantan Barat', '2021-11-07 16:39:12', '2021-11-07 16:39:12'),
(13, 13, 'Kalimantan Selatan', '2021-11-07 16:39:14', '2021-11-07 16:39:14'),
(14, 14, 'Kalimantan Tengah', '2021-11-07 16:39:16', '2021-11-07 16:39:16'),
(15, 15, 'Kalimantan Timur', '2021-11-07 16:39:18', '2021-11-07 16:39:18'),
(16, 16, 'Kalimantan Utara', '2021-11-07 16:39:20', '2021-11-07 16:39:20'),
(17, 17, 'Kepulauan Riau', '2021-11-07 16:39:21', '2021-11-07 16:39:21'),
(18, 18, 'Lampung', '2021-11-07 16:39:23', '2021-11-07 16:39:23'),
(19, 19, 'Maluku', '2021-11-07 16:39:25', '2021-11-07 16:39:25'),
(20, 20, 'Maluku Utara', '2021-11-07 16:39:27', '2021-11-07 16:39:27'),
(21, 21, 'Nanggroe Aceh Darussalam (NAD)', '2021-11-07 16:39:29', '2021-11-07 16:39:29'),
(22, 22, 'Nusa Tenggara Barat (NTB)', '2021-11-07 16:39:31', '2021-11-07 16:39:31'),
(23, 23, 'Nusa Tenggara Timur (NTT)', '2021-11-07 16:39:33', '2021-11-07 16:39:33'),
(24, 24, 'Papua', '2021-11-07 16:39:35', '2021-11-07 16:39:35'),
(25, 25, 'Papua Barat', '2021-11-07 16:39:38', '2021-11-07 16:39:38'),
(26, 26, 'Riau', '2021-11-07 16:39:40', '2021-11-07 16:39:40'),
(27, 27, 'Sulawesi Barat', '2021-11-07 16:39:42', '2021-11-07 16:39:42'),
(28, 28, 'Sulawesi Selatan', '2021-11-07 16:39:44', '2021-11-07 16:39:44'),
(29, 29, 'Sulawesi Tengah', '2021-11-07 16:39:46', '2021-11-07 16:39:46'),
(30, 30, 'Sulawesi Tenggara', '2021-11-07 16:39:48', '2021-11-07 16:39:48'),
(31, 31, 'Sulawesi Utara', '2021-11-07 16:39:50', '2021-11-07 16:39:50'),
(32, 32, 'Sumatera Barat', '2021-11-07 16:39:52', '2021-11-07 16:39:52'),
(33, 33, 'Sumatera Selatan', '2021-11-07 16:39:55', '2021-11-07 16:39:55'),
(34, 34, 'Sumatera Utara', '2021-11-07 16:39:57', '2021-11-07 16:39:57');

-- --------------------------------------------------------

--
-- Table structure for table `setting_webs`
--

CREATE TABLE `setting_webs` (
  `id` bigint(20) UNSIGNED NOT NULL,
  `logo` varchar(191) COLLATE utf8mb4_unicode_ci DEFAULT NULL,
  `color` varchar(191) COLLATE utf8mb4_unicode_ci DEFAULT NULL,
  `app_name` varchar(191) COLLATE utf8mb4_unicode_ci DEFAULT NULL,
  `footer_text` varchar(191) COLLATE utf8mb4_unicode_ci DEFAULT ' 2021 YourECommerce',
  `ipaymu_api` varchar(191) COLLATE utf8mb4_unicode_ci DEFAULT NULL,
  `ipaymu_va` varchar(191) COLLATE utf8mb4_unicode_ci DEFAULT NULL,
  `ipaymu_url` varchar(191) COLLATE utf8mb4_unicode_ci DEFAULT NULL,
  `ipaymu_production` int(11) NOT NULL DEFAULT 0,
  `created_at` timestamp NULL DEFAULT NULL,
  `updated_at` timestamp NULL DEFAULT NULL,
  `rajaongkir_api_key` varchar(191) COLLATE utf8mb4_unicode_ci DEFAULT NULL,
  `city_id` bigint(20) UNSIGNED DEFAULT NULL,
  `logo_rect` varchar(191) COLLATE utf8mb4_unicode_ci DEFAULT NULL
) ENGINE=InnoDB DEFAULT CHARSET=utf8mb4 COLLATE=utf8mb4_unicode_ci;

--
-- Dumping data for table `setting_webs`
--

INSERT INTO `setting_webs` (`id`, `logo`, `color`, `app_name`, `footer_text`, `ipaymu_api`, `ipaymu_va`, `ipaymu_url`, `ipaymu_production`, `created_at`, `updated_at`, `rajaongkir_api_key`, `city_id`, `logo_rect`) VALUES
(1, 'public/uploads/x1hVzn7Mj7AShlydtj1ASDQliP9gqyfh.jpg', '#94DCF9', 'E-COMMERCE GEMILANG JAYA', '@ 2021coboaa', 'SANDBOX4B2E5E3E-49E4-469B-A8FC-E0CB97827823-20211230155428', '0000005157139921', 'https://sandbox.ipaymu.com', 0, '2021-10-28 15:11:25', '2022-01-12 03:38:32', NULL, 104, 'public/uploads/9JvAasgdGkkrQNr91yWHFRDBpIVHlU4u.jpg');

-- --------------------------------------------------------

--
-- Table structure for table `sliders`
--

CREATE TABLE `sliders` (
  `id` bigint(20) UNSIGNED NOT NULL,
  `title` varchar(191) COLLATE utf8mb4_unicode_ci DEFAULT NULL,
  `subtitle` varchar(191) COLLATE utf8mb4_unicode_ci DEFAULT NULL,
  `thumbnail` varchar(191) COLLATE utf8mb4_unicode_ci DEFAULT NULL,
  `button_text` varchar(191) COLLATE utf8mb4_unicode_ci DEFAULT NULL,
  `link` varchar(191) COLLATE utf8mb4_unicode_ci DEFAULT NULL,
  `urutan` int(11) DEFAULT 1,
  `is_active` int(11) NOT NULL DEFAULT 1,
  `created_at` timestamp NULL DEFAULT NULL,
  `updated_at` timestamp NULL DEFAULT NULL
) ENGINE=InnoDB DEFAULT CHARSET=utf8mb4 COLLATE=utf8mb4_unicode_ci;

--
-- Dumping data for table `sliders`
--

INSERT INTO `sliders` (`id`, `title`, `subtitle`, `thumbnail`, `button_text`, `link`, `urutan`, `is_active`, `created_at`, `updated_at`) VALUES
(6, 'Penwaran Paket Murah', 'Peralatan Komputer Murah', 'public/uploads/KZ5UHqjy2Q7jSwRGFrF55dOaWhm1yWfx.jpg', 'Lihat', 'https://www.instagram.com/gemilang_jaya_komputer/', 1, 1, '2022-01-11 23:20:20', '2022-01-11 23:36:36'),
(7, 'Acer Aspire', 'Acer', 'public/uploads/i332DNnh1569paadZwbX8mjfsudbeCjQ.png', 'Lihat Produk', 'https://electroshop.diginese.my.id/product/printer-canon', 1, 1, '2022-01-11 23:31:23', '2022-01-11 23:32:58'),
(8, 'Acer Music', 'Acer', 'public/uploads/3Vr6gYLZK7wpBvVYKgb421HsfGIUmWmO.jpg', 'Beli', 'https://electroshop.diginese.my.id/product/printer-canon', 3, 1, '2022-01-11 23:34:51', '2022-01-11 23:34:51');

-- --------------------------------------------------------

--
-- Table structure for table `sub_menus`
--

CREATE TABLE `sub_menus` (
  `id` bigint(20) UNSIGNED NOT NULL,
  `menu_id` bigint(20) UNSIGNED NOT NULL,
  `slug` varchar(191) COLLATE utf8mb4_unicode_ci NOT NULL,
  `nama` varchar(191) COLLATE utf8mb4_unicode_ci NOT NULL,
  `link` text COLLATE utf8mb4_unicode_ci DEFAULT NULL,
  `urutan` int(11) NOT NULL,
  `visible` tinyint(1) NOT NULL,
  `created_at` timestamp NULL DEFAULT NULL,
  `updated_at` timestamp NULL DEFAULT NULL,
  `page_id` bigint(20) UNSIGNED DEFAULT NULL,
  `product_category_id` bigint(20) UNSIGNED DEFAULT NULL
) ENGINE=InnoDB DEFAULT CHARSET=utf8mb4 COLLATE=utf8mb4_unicode_ci;

--
-- Dumping data for table `sub_menus`
--

INSERT INTO `sub_menus` (`id`, `menu_id`, `slug`, `nama`, `link`, `urutan`, `visible`, `created_at`, `updated_at`, `page_id`, `product_category_id`) VALUES
(11, 11, 'vga_wANS', 'Vga', NULL, 2, 1, '2022-01-12 01:42:56', '2022-01-12 01:43:23', NULL, NULL);

-- --------------------------------------------------------

--
-- Table structure for table `transactions`
--

CREATE TABLE `transactions` (
  `id` bigint(20) UNSIGNED NOT NULL,
  `payment_method` varchar(191) COLLATE utf8mb4_unicode_ci NOT NULL DEFAULT 'IPAYMU',
  `status` varchar(191) COLLATE utf8mb4_unicode_ci NOT NULL DEFAULT 'PENDING',
  `subtotal` bigint(20) DEFAULT NULL,
  `status_code` int(11) NOT NULL DEFAULT 0,
  `sid` text COLLATE utf8mb4_unicode_ci DEFAULT NULL,
  `payment_url` text COLLATE utf8mb4_unicode_ci DEFAULT NULL,
  `address` text COLLATE utf8mb4_unicode_ci DEFAULT NULL,
  `notes` text COLLATE utf8mb4_unicode_ci DEFAULT NULL,
  `download_link` text COLLATE utf8mb4_unicode_ci DEFAULT NULL,
  `is_read` int(11) NOT NULL DEFAULT 0,
  `user_id` bigint(20) UNSIGNED NOT NULL,
  `created_at` timestamp NULL DEFAULT NULL,
  `updated_at` timestamp NULL DEFAULT NULL,
  `phone` varchar(191) COLLATE utf8mb4_unicode_ci DEFAULT NULL,
  `email` varchar(191) COLLATE utf8mb4_unicode_ci DEFAULT NULL,
  `customer_name` varchar(191) COLLATE utf8mb4_unicode_ci DEFAULT NULL,
  `trx_id` varchar(191) COLLATE utf8mb4_unicode_ci DEFAULT NULL,
  `via` varchar(191) COLLATE utf8mb4_unicode_ci DEFAULT NULL,
  `channel` varchar(191) COLLATE utf8mb4_unicode_ci DEFAULT NULL,
  `notify_url` varchar(191) COLLATE utf8mb4_unicode_ci DEFAULT NULL,
  `return_url` varchar(191) COLLATE utf8mb4_unicode_ci DEFAULT NULL,
  `cancel_url` varchar(191) COLLATE utf8mb4_unicode_ci DEFAULT NULL,
  `notify_paid` int(11) NOT NULL DEFAULT 0 COMMENT 'akan terisi 1 jika customer melakukan pembayaran dan menerima notify url (artinya membayar)',
  `shipping_courier_code` varchar(191) COLLATE utf8mb4_unicode_ci DEFAULT NULL,
  `shipping_service_name` varchar(191) COLLATE utf8mb4_unicode_ci DEFAULT NULL,
  `shipping_service_price` bigint(20) DEFAULT NULL,
  `shipping_city_from` varchar(191) COLLATE utf8mb4_unicode_ci DEFAULT NULL,
  `shipping_city_to` varchar(191) COLLATE utf8mb4_unicode_ci DEFAULT NULL,
  `shipping_service_code` varchar(191) COLLATE utf8mb4_unicode_ci DEFAULT NULL,
  `state` varchar(191) COLLATE utf8mb4_unicode_ci DEFAULT NULL
) ENGINE=InnoDB DEFAULT CHARSET=utf8mb4 COLLATE=utf8mb4_unicode_ci;

--
-- Dumping data for table `transactions`
--

INSERT INTO `transactions` (`id`, `payment_method`, `status`, `subtotal`, `status_code`, `sid`, `payment_url`, `address`, `notes`, `download_link`, `is_read`, `user_id`, `created_at`, `updated_at`, `phone`, `email`, `customer_name`, `trx_id`, `via`, `channel`, `notify_url`, `return_url`, `cancel_url`, `notify_paid`, `shipping_courier_code`, `shipping_service_name`, `shipping_service_price`, `shipping_city_from`, `shipping_city_to`, `shipping_service_code`, `state`) VALUES
(1, 'IPAYMU', 'berhasil', 1000000, 1, '19491839-4583-415F-BF2B-ABBE5625BAFC', 'https://sandbox.ipaymu.com/payment/19491839-4583-415F-BF2B-ABBE5625BAFC', NULL, 'Dikirim hari ini juga ya', NULL, 1, 8, '2021-12-13 13:09:35', '2021-12-13 13:22:56', '089661030388', 'ahmadinations@gmail.com', 'Muhamad Ahmadin', '50901', 'va&transferbank', 'bca', 'https://electroshop.diginese.my.id/api/v1/ipaymu/notify', 'https://electroshop.diginese.my.id/ipaymu/return', 'https://electroshop.diginese.my.id/ipaymu/cancel', 1, 'jne', 'Ongkos Kirim Ekonomis', 24000, '252', '153', 'OKE', 'diterima'),
(2, 'IPAYMU', 'berhasil', 20000, 1, 'DDE7F959-B5AF-4058-93B7-D3FA65B0E456', 'https://sandbox.ipaymu.com/payment/DDE7F959-B5AF-4058-93B7-D3FA65B0E456', 'fsd', 'fsfsfs', NULL, 1, 9, '2021-12-14 01:54:58', '2021-12-15 05:50:38', '6546456', 'harisanwar129@gmail.com', 'harisf tertret', '50973', 'va&transferbank', 'muamalat', 'https://electroshop.diginese.my.id/api/v1/ipaymu/notify', 'https://electroshop.diginese.my.id/ipaymu/return', 'https://electroshop.diginese.my.id/ipaymu/cancel', 1, 'pos', 'Paket Kilat Khusus', 82000, '252', '311', 'Paket Kilat Khusus', 'diterima'),
(3, 'IPAYMU', 'expired', 40000, 0, '7E743B4B-39CB-49B9-8C3E-5D9F3211F205', 'https://sandbox.ipaymu.com/payment/7E743B4B-39CB-49B9-8C3E-5D9F3211F205', NULL, NULL, NULL, 1, 8, '2021-12-14 08:14:06', '2021-12-20 03:14:22', '089661030388', 'ahmadinations@gmail.com', 'Muhamad Ahmadin', '51003', 'va', 'bca', 'https://electroshop.diginese.my.id/api/v1/ipaymu/notify', 'https://electroshop.diginese.my.id/ipaymu/return', 'https://electroshop.diginese.my.id/ipaymu/cancel', 0, 'jne', 'Ongkos Kirim Ekonomis', 80000, '252', '88', 'OKE', NULL),
(4, 'IPAYMU', 'batal', 1000000, 0, 'D7E7B212-E2EF-4019-885A-6B81EE1D044B', 'https://sandbox.ipaymu.com/payment/D7E7B212-E2EF-4019-885A-6B81EE1D044B', NULL, NULL, NULL, 1, 8, '2021-12-14 08:17:30', '2021-12-20 03:14:39', '089661030388', 'ahmadinations@gmail.com', 'Muhamad Ahmadin', NULL, NULL, NULL, 'https://electroshop.diginese.my.id/api/v1/ipaymu/notify', 'https://electroshop.diginese.my.id/ipaymu/return', 'https://electroshop.diginese.my.id/ipaymu/cancel', 0, 'jne', 'Ongkos Kirim Ekonomis', 12000, '252', '151', 'OKE', NULL),
(5, 'IPAYMU', 'berhasil', 119000, 1, '0F977286-6468-44FA-BCB3-F7EE92619BEC', 'https://sandbox.ipaymu.com/payment/0F977286-6468-44FA-BCB3-F7EE92619BEC', 'terterter', 'gdgdfgdg', NULL, 1, 9, '2021-12-14 08:19:42', '2021-12-15 04:59:18', '6546456', 'harisanwar129@gmail.com', 'tertret', '51004', 'conveniencestore', 'alfamart', 'https://electroshop.diginese.my.id/api/v1/ipaymu/notify', 'https://electroshop.diginese.my.id/ipaymu/return', 'https://electroshop.diginese.my.id/ipaymu/cancel', 1, 'pos', 'Paket Kilat Khusus', 18000, '252', '135', 'Paket Kilat Khusus', 'diterima'),
(6, 'IPAYMU', 'berhasil', 1000000, 1, 'F362D672-2AFE-4C15-9514-12375EB27591', 'https://sandbox.ipaymu.com/payment/F362D672-2AFE-4C15-9514-12375EB27591', NULL, 'Shehehehrh', NULL, 1, 10, '2021-12-15 00:30:57', '2021-12-15 04:58:09', '087846689973', 'airanti129@gmail.com', 'Ai Ranti Mariska', '51050', 'va&transferbank', 'bca', 'https://electroshop.diginese.my.id/api/v1/ipaymu/notify', 'https://electroshop.diginese.my.id/ipaymu/return', 'https://electroshop.diginese.my.id/ipaymu/cancel', 1, 'pos', 'Paket Kilat Khusus', 78000, '252', '455', 'Paket Kilat Khusus', 'dikirim'),
(7, 'IPAYMU', 'berhasil', 20000, 1, '9F004D10-BC12-4210-9958-586D46B70C5C', 'https://sandbox.ipaymu.com/payment/9F004D10-BC12-4210-9958-586D46B70C5C', 'terterter', 'rfs', NULL, 1, 9, '2021-12-15 05:50:59', '2021-12-15 10:25:13', '6546456', 'harisanwar129@gmail.com', 'tertret', '51086', 'va&transferbank', 'bca', 'https://electroshop.diginese.my.id/api/v1/ipaymu/notify', 'https://electroshop.diginese.my.id/ipaymu/return', 'https://electroshop.diginese.my.id/ipaymu/cancel', 1, 'jne', 'Ongkos Kirim Ekonomis', 15000, '252', '419', 'OKE', 'diterima'),
(8, 'IPAYMU', 'batal', 99000, 0, 'F766C59C-1811-408D-BB44-FE2FF73CBD25', 'https://sandbox.ipaymu.com/payment/F766C59C-1811-408D-BB44-FE2FF73CBD25', 'terterter', 'dfdvxcv', NULL, 1, 9, '2021-12-20 03:20:56', '2021-12-27 20:30:04', '6546456', 'harisanwar129@gmail.com', 'tertret', NULL, NULL, NULL, 'https://electroshop.diginese.my.id/api/v1/ipaymu/notify', 'https://electroshop.diginese.my.id/ipaymu/return', 'https://electroshop.diginese.my.id/ipaymu/cancel', 0, 'pos', 'Paket Kilat Khusus', 18000, '252', '39', 'Paket Kilat Khusus', NULL),
(9, 'IPAYMU', 'berhasil', 2798000, 1, 'F68A25FD-C786-4665-A6B1-E44F1B44FB2D', 'https://sandbox.ipaymu.com/payment/F68A25FD-C786-4665-A6B1-E44F1B44FB2D', 'fsd', 'dasda', NULL, 1, 9, '2021-12-20 03:24:40', '2022-01-08 02:59:55', '6546456', 'harisanwar129@gmail.com', 'harisf tertret', '51417', 'va&transferbank', 'muamalat', 'https://electroshop.diginese.my.id/api/v1/ipaymu/notify', 'https://electroshop.diginese.my.id/ipaymu/return', 'https://electroshop.diginese.my.id/ipaymu/cancel', 1, 'pos', 'Paket Kilat Khusus', 152000, '252', '257', 'Paket Kilat Khusus', NULL),
(10, 'IPAYMU', 'PENDING', 20000, 0, '541E34D7-E95C-4B22-A804-BF1B68A112DB', 'https://sandbox.ipaymu.com/payment/541E34D7-E95C-4B22-A804-BF1B68A112DB', 'fsd', 'fghjfghgjh', NULL, 1, 9, '2021-12-20 05:52:11', '2021-12-27 20:30:15', '6546456', 'harisanwar129@gmail.com', 'tertret', NULL, NULL, NULL, 'https://electroshop.diginese.my.id/api/v1/ipaymu/notify', 'https://electroshop.diginese.my.id/ipaymu/return', 'https://electroshop.diginese.my.id/ipaymu/cancel', 0, 'pos', 'Paket Kilat Khusus', 50000, '252', '63', 'Paket Kilat Khusus', NULL),
(11, 'IPAYMU', 'berhasil', 2699000, 1, 'F8B7E58A-A0E6-4B03-983B-37C8E46CD0FD', 'https://sandbox.ipaymu.com/payment/F8B7E58A-A0E6-4B03-983B-37C8E46CD0FD', 'terterter', 'jhbjbmb', NULL, 1, 9, '2021-12-20 05:53:16', '2021-12-25 00:32:36', '6546456', 'harisanwar129@gmail.com', 'tertret', '51429', 'va&transferbank', 'bca', 'https://electroshop.diginese.my.id/api/v1/ipaymu/notify', 'https://electroshop.diginese.my.id/ipaymu/return', 'https://electroshop.diginese.my.id/ipaymu/cancel', 1, 'pos', 'Paket Kilat Khusus', 18000, '252', '135', 'Paket Kilat Khusus', NULL),
(12, 'IPAYMU', 'berhasil', 20000, 1, '37FF07BE-3474-4E0B-92D1-6856B573812A', 'https://sandbox.ipaymu.com/payment/37FF07BE-3474-4E0B-92D1-6856B573812A', 'terterter', 'gjhgvnbv', NULL, 0, 9, '2021-12-20 06:00:54', '2021-12-20 06:02:47', '6546456', 'harisanwar129@gmail.com', 'tertret', '51430', 'conveniencestore', 'alfamart', 'https://electroshop.diginese.my.id/api/v1/ipaymu/notify', 'https://electroshop.diginese.my.id/ipaymu/return', 'https://electroshop.diginese.my.id/ipaymu/cancel', 1, 'pos', 'Paket Kilat Khusus', 18000, '252', '39', 'Paket Kilat Khusus', NULL),
(13, 'IPAYMU', 'batal', 20000, 0, '2703BFF1-6079-42CD-84AB-58A02090FFAF', 'https://sandbox.ipaymu.com/payment/2703BFF1-6079-42CD-84AB-58A02090FFAF', 'fscxbxbx', 'vbcbcvbc', NULL, 0, 9, '2021-12-20 06:07:08', '2022-01-02 07:18:23', '6546456', 'harisanwar129@gmail.com', 'tertret', NULL, NULL, NULL, 'https://electroshop.diginese.my.id/api/v1/ipaymu/notify', 'https://electroshop.diginese.my.id/ipaymu/return', 'https://electroshop.diginese.my.id/ipaymu/cancel', 0, 'jne', 'Ongkos Kirim Ekonomis', 52000, '252', '388', 'OKE', NULL),
(14, 'IPAYMU', 'berhasil', 20000, 1, '9BA5F704-6B96-4363-9569-B80C6F91F84A', 'https://sandbox.ipaymu.com/payment/9BA5F704-6B96-4363-9569-B80C6F91F84A', 'fs', 'tghjg', NULL, 1, 9, '2021-12-20 06:13:57', '2021-12-30 02:29:33', '6546456', 'harisanwar129@gmail.com', 'tertret', '52091', 'va&transferbank', 'bca', 'https://electroshop.diginese.my.id/api/v1/ipaymu/notify', 'https://electroshop.diginese.my.id/ipaymu/return', 'https://electroshop.diginese.my.id/ipaymu/cancel', 1, 'jne', 'Ongkos Kirim Ekonomis', 52000, '252', '405', 'OKE', NULL),
(15, 'IPAYMU', 'PENDING', 99000, 0, '43AB7EBE-4C56-43B9-A61B-2F7273D321CE', 'https://sandbox.ipaymu.com/payment/43AB7EBE-4C56-43B9-A61B-2F7273D321CE', NULL, NULL, NULL, 1, 8, '2021-12-20 12:33:40', '2021-12-25 00:38:12', '089661030388', 'ahmadinations@gmail.com', 'Muhamad Ahmadin', NULL, NULL, NULL, 'https://diginese.my.id/electroshop/api/v1/ipaymu/notify', 'https://diginese.my.id/electroshop/ipaymu/return', 'https://diginese.my.id/electroshop/ipaymu/cancel', 0, 'jne', 'Ongkos Kirim Ekonomis', 8000, '252', '109', 'OKE', NULL),
(16, 'FREE', 'berhasil', 2000, 1, NULL, NULL, 'fsd', 'gdfgdgdfgd', NULL, 1, 9, '2021-12-28 04:10:08', '2021-12-28 09:01:30', '6546456', 'harisanwar129@gmail.com', 'harisf tertret', NULL, NULL, NULL, 'https://electroshop.diginese.my.id/api/v1/ipaymu/notify', 'https://electroshop.diginese.my.id/ipaymu/return', 'https://electroshop.diginese.my.id/ipaymu/cancel', 1, 'pos', 'Paket Kilat Khusus', 54000, '104', '168', 'Paket Kilat Khusus', NULL),
(17, 'IPAYMU', 'berhasil', 500000, 1, 'F829506A-DB36-4A72-9483-45ED7E01BF71', 'https://sandbox.ipaymu.com/payment/F829506A-DB36-4A72-9483-45ED7E01BF71', 'fsd', 'erwrew', NULL, 1, 9, '2021-12-28 04:11:03', '2021-12-28 07:25:22', '6546456', 'harisanwar129@gmail.com', 'harisf tertret', '52092', 'va&transferbank', 'bca', 'https://electroshop.diginese.my.id/api/v1/ipaymu/notify', 'https://electroshop.diginese.my.id/ipaymu/return', 'https://electroshop.diginese.my.id/ipaymu/cancel', 1, 'pos', 'Paket Kilat Khusus', 76000, '104', '311', 'Paket Kilat Khusus', 'diterima'),
(18, 'FREE', 'berhasil', 3000, 1, NULL, NULL, 'terterter', 'dcsfdsfsf', NULL, 0, 9, '2021-12-28 21:51:29', '2021-12-28 21:51:29', '6546456', 'harisanwar129@gmail.com', 'tertret', NULL, NULL, NULL, 'https://electroshop.diginese.my.id/api/v1/ipaymu/notify', 'https://electroshop.diginese.my.id/ipaymu/return', 'https://electroshop.diginese.my.id/ipaymu/cancel', 1, 'pos', 'Paket Kilat Khusus', 21000, '104', '135', 'Paket Kilat Khusus', NULL),
(19, 'FREE', 'berhasil', 4000, 1, NULL, NULL, 'terterter', 'ds', NULL, 0, 9, '2021-12-29 17:59:43', '2021-12-29 17:59:43', '6546456', 'harisanwar129@gmail.com', 'tertret', NULL, NULL, NULL, 'https://electroshop.diginese.my.id/api/v1/ipaymu/notify', 'https://electroshop.diginese.my.id/ipaymu/return', 'https://electroshop.diginese.my.id/ipaymu/cancel', 1, 'jne', 'Ongkos Kirim Ekonomis', 32000, '104', '135', 'OKE', NULL),
(20, 'IPAYMU', 'berhasil', 70000, 1, '149A050F-D698-4D23-9A26-896A7DC1CC95', 'https://sandbox.ipaymu.com/payment/149A050F-D698-4D23-9A26-896A7DC1CC95', 'terterter', 'hjkhk', NULL, 0, 9, '2021-12-29 18:00:59', '2021-12-29 18:05:51', '6546456', 'harisanwar129@gmail.com', 'tertret', '52186', 'va&transferbank', 'bca', 'https://electroshop.diginese.my.id/api/v1/ipaymu/notify', 'https://electroshop.diginese.my.id/ipaymu/return', 'https://electroshop.diginese.my.id/ipaymu/cancel', 1, 'jne', 'Ongkos Kirim Ekonomis', 16000, '104', '135', 'OKE', NULL),
(21, 'IPAYMU', 'berhasil', 71000, 1, 'A1CB4379-2C53-43FD-B319-79D95DA92F83', 'https://sandbox.ipaymu.com/payment/A1CB4379-2C53-43FD-B319-79D95DA92F83', 'fsd', 'dsfsf', NULL, 1, 9, '2021-12-31 02:44:50', '2022-01-08 16:52:56', '6546456', 'harisanwar129@gmail.com', 'tertret', '52402', 'conveniencestore', 'alfamart', 'https://electroshop.diginese.my.id/api/v1/ipaymu/notify', 'https://electroshop.diginese.my.id/ipaymu/return', 'https://electroshop.diginese.my.id/ipaymu/cancel', 1, 'jne', 'Ongkos Kirim Ekonomis', 42000, '104', '294', 'OKE', NULL),
(22, 'FREE', 'berhasil', 1000, 1, NULL, NULL, 'fsfsdfs', NULL, NULL, 1, 9, '2022-01-11 05:14:18', '2022-01-11 05:18:52', '6546456552', 'harisanwar129@gmail.com', 'tertret', NULL, NULL, NULL, 'https://electroshop.diginese.my.id/api/v1/ipaymu/notify', 'https://electroshop.diginese.my.id/ipaymu/return', 'https://electroshop.diginese.my.id/ipaymu/cancel', 1, 'jne', 'Ongkos Kirim Ekonomis', 65000, '104', '257', 'OKE', 'dikirim'),
(23, 'FREE', 'berhasil', 1000, 1, NULL, NULL, 'fsfsdfs', NULL, NULL, 0, 9, '2022-01-11 05:16:54', '2022-01-11 05:16:54', '6546456552', 'harisanwar129@gmail.com', 'tertret', NULL, NULL, NULL, 'https://electroshop.diginese.my.id/api/v1/ipaymu/notify', 'https://electroshop.diginese.my.id/ipaymu/return', 'https://electroshop.diginese.my.id/ipaymu/cancel', 1, 'jne', 'Ongkos Kirim Ekonomis', 43000, '104', '19', 'OKE', NULL),
(24, 'FREE', 'berhasil', 1000, 1, NULL, NULL, 'fsfsdfs', 'gdfgdg', NULL, 0, 9, '2022-01-11 05:17:42', '2022-01-11 05:17:42', '6546456552', 'harisanwar129@gmail.com', 'tertret', NULL, NULL, NULL, 'https://electroshop.diginese.my.id/api/v1/ipaymu/notify', 'https://electroshop.diginese.my.id/ipaymu/return', 'https://electroshop.diginese.my.id/ipaymu/cancel', 1, 'tiki', 'Economy Service', 72000, '104', '257', 'ECO', NULL),
(25, 'FREE', 'berhasil', 1000, 1, NULL, NULL, 'fsfsdfs', 'fgdg', NULL, 1, 9, '2022-01-11 05:20:12', '2022-01-11 05:31:48', '6546456552', 'harisanwar129@gmail.com', 'tertret', NULL, NULL, NULL, 'https://electroshop.diginese.my.id/api/v1/ipaymu/notify', 'https://electroshop.diginese.my.id/ipaymu/return', 'https://electroshop.diginese.my.id/ipaymu/cancel', 0, 'pos', 'Paket Kilat Khusus', 43000, '104', '33', 'Paket Kilat Khusus', NULL),
(26, 'FREE', 'berhasil', 1000, 1, NULL, NULL, 'fsfsdfs', NULL, NULL, 0, 9, '2022-01-11 05:35:26', '2022-01-11 05:35:26', '6546456552', 'harisanwar129@gmail.com', 'tertret', NULL, NULL, NULL, 'https://electroshop.diginese.my.id/api/v1/ipaymu/notify', 'https://electroshop.diginese.my.id/ipaymu/return', 'https://electroshop.diginese.my.id/ipaymu/cancel', 1, 'pos', 'Paket Kilat Khusus', 35000, '104', '48', 'Paket Kilat Khusus', NULL),
(27, 'FREE', 'berhasil', 1000, 1, NULL, NULL, 'fsd', 'xczczx', NULL, 0, 9, '2022-01-11 06:00:55', '2022-01-11 06:00:55', '6546456', 'harisanwar129@gmail.com', 'tertret', NULL, NULL, NULL, 'https://electroshop.diginese.my.id/api/v1/ipaymu/notify', 'https://electroshop.diginese.my.id/ipaymu/return', 'https://electroshop.diginese.my.id/ipaymu/cancel', 1, 'jne', 'Ongkos Kirim Ekonomis', 54000, '104', '96', 'OKE', NULL),
(28, 'FREE', 'berhasil', 1000, 1, NULL, NULL, 'fsfsdfs', 'Coba', NULL, 0, 9, '2022-01-11 07:17:24', '2022-01-11 07:17:24', '6546456552', 'harisanwar129@gmail.com', 'tertret', NULL, NULL, NULL, 'https://electroshop.diginese.my.id/api/v1/ipaymu/notify', 'https://electroshop.diginese.my.id/ipaymu/return', 'https://electroshop.diginese.my.id/ipaymu/cancel', 1, 'pos', 'Paket Kilat Khusus', 11000, '104', '155', 'Paket Kilat Khusus', NULL),
(29, 'FREE', 'berhasil', 1000, 1, NULL, NULL, 'fdsfsf', 'hfhfh', NULL, 0, 9, '2022-01-11 07:55:28', '2022-01-11 07:55:28', '6546456552', 'harisanwar129@gmail.com', 'tertret', NULL, NULL, NULL, 'https://electroshop.diginese.my.id/api/v1/ipaymu/notify', 'https://electroshop.diginese.my.id/ipaymu/return', 'https://electroshop.diginese.my.id/ipaymu/cancel', 1, 'jne', 'Ongkos Kirim Ekonomis', 38000, '104', '28', 'OKE', NULL),
(30, 'FREE', 'berhasil', 1000, 1, NULL, NULL, 'fsfsdfs', 'addad', NULL, 0, 9, '2022-01-11 08:16:36', '2022-01-11 08:16:36', '6546456552', 'harisanwar129@gmail.com', 'tertret', NULL, NULL, NULL, 'https://electroshop.diginese.my.id/api/v1/ipaymu/notify', 'https://electroshop.diginese.my.id/ipaymu/return', 'https://electroshop.diginese.my.id/ipaymu/cancel', 1, 'tiki', 'Economy Service', 33000, '104', '48', 'ECO', NULL),
(31, 'FREE', 'berhasil', 1000, 1, NULL, NULL, 'fsfsdfs', 'frserw', NULL, 1, 9, '2022-01-11 08:23:04', '2022-01-12 01:37:35', '6546456552', 'harisanwar129@gmail.com', 'tertret', NULL, NULL, NULL, 'https://electroshop.diginese.my.id/api/v1/ipaymu/notify', 'https://electroshop.diginese.my.id/ipaymu/return', 'https://electroshop.diginese.my.id/ipaymu/cancel', 1, 'jne', 'Ongkos Kirim Ekonomis', 45000, '104', '405', 'OKE', 'dikirim'),
(32, 'FREE', 'berhasil', 1000, 1, NULL, NULL, 'fsd', 'dffdf', NULL, 1, 9, '2022-01-11 08:23:54', '2022-01-12 01:37:17', '6546456', 'harisanwar129@gmail.com', 'tertret', NULL, NULL, NULL, 'https://electroshop.diginese.my.id/api/v1/ipaymu/notify', 'https://electroshop.diginese.my.id/ipaymu/return', 'https://electroshop.diginese.my.id/ipaymu/cancel', 1, 'jne', 'Ongkos Kirim Ekonomis', 42000, '104', '65', 'OKE', NULL),
(33, 'FREE', 'berhasil', 1000, 1, NULL, NULL, 'fsd', 'fsdfsf', NULL, 0, 9, '2022-01-11 10:09:21', '2022-01-11 10:09:21', '6546456', 'harisanwar129@gmail.com', 'tertret', NULL, NULL, NULL, 'https://electroshop.diginese.my.id/api/v1/ipaymu/notify', 'https://electroshop.diginese.my.id/ipaymu/return', 'https://electroshop.diginese.my.id/ipaymu/cancel', 1, 'jne', 'Ongkos Kirim Ekonomis', 48000, '104', '397', 'OKE', NULL),
(34, 'FREE', 'berhasil', 1000, 1, NULL, NULL, 'fs', 'm,nm', NULL, 1, 9, '2022-01-11 15:59:42', '2022-01-11 23:43:23', '6546456', 'harisanwar129@gmail.com', 'tertret', NULL, NULL, NULL, 'https://electroshop.diginese.my.id/api/v1/ipaymu/notify', 'https://electroshop.diginese.my.id/ipaymu/return', 'https://electroshop.diginese.my.id/ipaymu/cancel', 1, 'jne', 'Ongkos Kirim Ekonomis', 45000, '104', '432', 'OKE', NULL),
(35, 'IPAYMU', 'PENDING', 10000, 0, '2EFAD7E0-4A14-47A5-A875-AC17926C6937', 'https://sandbox.ipaymu.com/payment/2EFAD7E0-4A14-47A5-A875-AC17926C6937', NULL, 'beli', NULL, 1, 8, '2022-01-11 23:45:23', '2022-01-12 01:37:50', '089661030388', 'ahmadinations@gmail.com', 'Muhamad Ahmadin', NULL, NULL, NULL, 'https://electroshop.diginese.my.id/api/v1/ipaymu/notify', 'https://electroshop.diginese.my.id/ipaymu/return', 'https://electroshop.diginese.my.id/ipaymu/cancel', 0, 'jne', 'Ongkos Kirim Ekonomis', 45000, '104', '388', 'OKE', NULL),
(36, 'IPAYMU', 'pending', 5000000, 0, 'B62D42D4-13C3-42EE-A947-B06EC1CB0399', 'https://sandbox.ipaymu.com/payment/B62D42D4-13C3-42EE-A947-B06EC1CB0399', 'fsfsdfs', 'ytry', NULL, 0, 9, '2022-01-12 01:28:00', '2022-01-12 01:51:00', '6546456552', 'harisanwar129@gmail.com', 'tertret', '53343', 'va', 'bag', 'https://electroshop.diginese.my.id/api/v1/ipaymu/notify', 'https://electroshop.diginese.my.id/ipaymu/return', 'https://electroshop.diginese.my.id/ipaymu/cancel', 0, 'pos', 'Paket Kilat Khusus', 38500, '104', '28', 'Paket Kilat Khusus', NULL),
(37, 'IPAYMU', 'pending', 70000, 0, 'B783B29D-4A1A-43B4-9F6A-C7D6FD2424FE', 'https://sandbox.ipaymu.com/payment/B783B29D-4A1A-43B4-9F6A-C7D6FD2424FE', 'Cipanas Indonesia', 'coba', NULL, 0, 9, '2022-01-12 01:47:34', '2022-01-12 01:48:26', '084282425122', 'harisanwar129@gmail.com', 'haris', '53342', 'debitonline', 'debitonline', 'https://electroshop.diginese.my.id/api/v1/ipaymu/notify', 'https://electroshop.diginese.my.id/ipaymu/return', 'https://electroshop.diginese.my.id/ipaymu/cancel', 0, 'jne', 'JNE City Courier', 7000, '104', '104', 'CTC', NULL),
(38, 'IPAYMU', 'berhasil', 70000, 1, '0C4D65C2-E153-4874-9515-CA935ECF621C', 'https://sandbox.ipaymu.com/payment/0C4D65C2-E153-4874-9515-CA935ECF621C', 'Cipanas Indonesia', 'coba', NULL, 0, 9, '2022-01-12 01:52:03', '2022-01-12 01:53:08', '084282425122', 'harisanwar129@gmail.com', 'haris', '53344', 'debitonline', 'debitonline', 'https://electroshop.diginese.my.id/api/v1/ipaymu/notify', 'https://electroshop.diginese.my.id/ipaymu/return', 'https://electroshop.diginese.my.id/ipaymu/cancel', 1, 'tiki', 'Economy Service', 39000, '104', '326', 'ECO', NULL),
(39, 'IPAYMU', 'berhasil', 70000, 1, '44A8E52B-7A82-43F7-BAE0-DF1EE0BAEB6A', 'https://sandbox.ipaymu.com/payment/44A8E52B-7A82-43F7-BAE0-DF1EE0BAEB6A', 'Cipanas Indonesia', 'coba', NULL, 0, 9, '2022-01-12 01:54:04', '2022-01-12 01:55:04', '084282425122', 'harisanwar129@gmail.com', 'haris', '53345', 'qris', 'bpdbali', 'https://electroshop.diginese.my.id/api/v1/ipaymu/notify', 'https://electroshop.diginese.my.id/ipaymu/return', 'https://electroshop.diginese.my.id/ipaymu/cancel', 1, 'jne', 'Ongkos Kirim Ekonomis', 16000, '104', '210', 'OKE', NULL),
(40, 'IPAYMU', 'PENDING', 70000, 0, 'DAFC9FD6-CC35-4D30-896F-4C08B10B809D', 'https://sandbox.ipaymu.com/payment/DAFC9FD6-CC35-4D30-896F-4C08B10B809D', 'Cipanas Indonesia', NULL, NULL, 0, 9, '2022-01-12 01:55:56', '2022-01-12 01:55:56', '084282425122', 'harisanwar129@gmail.com', 'haris', NULL, NULL, NULL, 'https://electroshop.diginese.my.id/api/v1/ipaymu/notify', 'https://electroshop.diginese.my.id/ipaymu/return', 'https://electroshop.diginese.my.id/ipaymu/cancel', 0, 'jne', 'Ongkos Kirim Ekonomis', 49000, '104', '66', 'OKE', NULL),
(41, 'IPAYMU', 'PENDING', 210000, 0, 'BD678809-8863-4E14-9A81-47E4A639F89F', 'https://sandbox.ipaymu.com/payment/BD678809-8863-4E14-9A81-47E4A639F89F', 'Cipanas Indonesia', 'coba', NULL, 0, 9, '2022-01-12 03:38:56', '2022-01-12 03:38:56', '084282425122', 'harisanwar129@gmail.com', 'haris', NULL, NULL, NULL, 'https://electroshop.diginese.my.id/api/v1/ipaymu/notify', 'https://electroshop.diginese.my.id/ipaymu/return', 'https://electroshop.diginese.my.id/ipaymu/cancel', 0, 'jne', 'Ongkos Kirim Ekonomis', 45000, '104', '391', 'OKE', NULL);

-- --------------------------------------------------------

--
-- Table structure for table `transaction_items`
--

CREATE TABLE `transaction_items` (
  `id` bigint(20) UNSIGNED NOT NULL,
  `transaction_id` bigint(20) UNSIGNED DEFAULT NULL,
  `product_id` bigint(20) UNSIGNED NOT NULL,
  `user_id` bigint(20) UNSIGNED NOT NULL,
  `quantity` int(11) NOT NULL DEFAULT 1,
  `created_at` timestamp NULL DEFAULT NULL,
  `updated_at` timestamp NULL DEFAULT NULL,
  `price` bigint(20) DEFAULT NULL COMMENT 'price disini akan terisi sebagai histori harga barang pada saat transaksi'
) ENGINE=InnoDB DEFAULT CHARSET=utf8mb4 COLLATE=utf8mb4_unicode_ci;

--
-- Dumping data for table `transaction_items`
--

INSERT INTO `transaction_items` (`id`, `transaction_id`, `product_id`, `user_id`, `quantity`, `created_at`, `updated_at`, `price`) VALUES
(1, 1, 4, 8, 1, '2021-12-13 13:05:24', '2021-12-13 13:09:35', 99000),
(2, 1, 1, 8, 1, '2021-12-13 13:05:42', '2021-12-13 13:09:35', 2699000),
(3, 1, 2, 8, 1, '2021-12-13 13:08:52', '2021-12-13 13:09:35', 246000),
(4, 3, 3, 8, 2, '2021-12-13 13:21:28', '2021-12-14 08:14:06', 20000),
(5, 2, 3, 9, 1, '2021-12-14 01:45:42', '2021-12-14 01:54:58', 20000),
(8, 5, 3, 9, 1, '2021-12-14 04:52:40', '2021-12-14 08:19:42', 20000),
(9, 4, 1, 8, 1, '2021-12-14 08:17:19', '2021-12-14 08:17:30', 2699000),
(10, 5, 4, 9, 1, '2021-12-14 08:19:23', '2021-12-14 08:19:42', 99000),
(11, 6, 4, 10, 12, '2021-12-15 00:29:22', '2021-12-15 00:30:57', 99000),
(12, 7, 3, 9, 1, '2021-12-15 05:00:28', '2021-12-15 05:50:59', 20000),
(13, 8, 4, 9, 1, '2021-12-20 03:20:40', '2021-12-20 03:20:56', 99000),
(14, 9, 4, 9, 1, '2021-12-20 03:21:52', '2021-12-20 03:24:40', 99000),
(15, 9, 1, 9, 1, '2021-12-20 03:24:17', '2021-12-20 03:24:40', 2699000),
(16, 10, 3, 9, 1, '2021-12-20 05:51:49', '2021-12-20 05:52:11', 20000),
(17, 11, 1, 9, 1, '2021-12-20 05:52:56', '2021-12-20 05:53:16', 2699000),
(18, 12, 3, 9, 1, '2021-12-20 06:00:28', '2021-12-20 06:00:54', 20000),
(19, 13, 3, 9, 1, '2021-12-20 06:06:23', '2021-12-20 06:07:08', 20000),
(20, 14, 3, 9, 1, '2021-12-20 06:13:37', '2021-12-20 06:13:57', 20000),
(21, 15, 4, 8, 1, '2021-12-20 12:33:22', '2021-12-20 12:33:40', 99000),
(23, 16, 4, 9, 2, '2021-12-28 00:57:46', '2021-12-28 04:10:08', 1000),
(25, 17, 5, 9, 1, '2021-12-28 04:10:45', '2021-12-28 04:11:03', 500000),
(26, 18, 4, 9, 3, '2021-12-28 21:46:07', '2021-12-28 21:51:29', 1000),
(27, 19, 4, 9, 4, '2021-12-29 17:40:36', '2021-12-29 17:59:43', 1000),
(28, 20, 6, 9, 1, '2021-12-29 18:00:33', '2021-12-29 18:00:59', 70000),
(29, 21, 6, 9, 1, '2021-12-29 18:40:11', '2021-12-31 02:44:50', 70000),
(30, 21, 4, 9, 1, '2021-12-31 02:26:22', '2021-12-31 02:44:50', 1000),
(32, 22, 4, 9, 1, '2022-01-11 05:13:43', '2022-01-11 05:14:18', 1000),
(33, 23, 4, 9, 1, '2022-01-11 05:16:30', '2022-01-11 05:16:54', 1000),
(34, 24, 4, 9, 1, '2022-01-11 05:17:19', '2022-01-11 05:17:42', 1000),
(35, 25, 3, 9, 1, '2022-01-11 05:19:54', '2022-01-11 05:20:12', 1000),
(36, 26, 4, 9, 1, '2022-01-11 05:35:09', '2022-01-11 05:35:26', 1000),
(37, 27, 3, 9, 1, '2022-01-11 06:00:26', '2022-01-11 06:00:55', 1000),
(38, 28, 3, 9, 1, '2022-01-11 07:16:47', '2022-01-11 07:17:24', 1000),
(39, 29, 4, 9, 1, '2022-01-11 07:55:07', '2022-01-11 07:55:28', 1000),
(40, 30, 4, 9, 1, '2022-01-11 08:16:08', '2022-01-11 08:16:36', 1000),
(41, 31, 4, 9, 1, '2022-01-11 08:22:46', '2022-01-11 08:23:04', 1000),
(42, 32, 4, 9, 1, '2022-01-11 08:23:35', '2022-01-11 08:23:54', 1000),
(43, 33, 4, 9, 1, '2022-01-11 10:09:04', '2022-01-11 10:09:21', 1000),
(44, 34, 4, 9, 1, '2022-01-11 15:59:10', '2022-01-11 15:59:42', 1000),
(45, 35, 3, 8, 10, '2022-01-11 23:45:05', '2022-01-11 23:45:23', 1000),
(46, 36, 5, 9, 1, '2022-01-12 01:27:41', '2022-01-12 01:28:00', 5000000),
(47, 37, 6, 9, 1, '2022-01-12 01:47:10', '2022-01-12 01:47:34', 70000),
(48, 38, 6, 9, 1, '2022-01-12 01:51:39', '2022-01-12 01:52:03', 70000),
(49, 39, 6, 9, 1, '2022-01-12 01:53:46', '2022-01-12 01:54:04', 70000),
(50, 40, 6, 9, 1, '2022-01-12 01:55:40', '2022-01-12 01:55:56', 70000),
(51, 41, 6, 9, 3, '2022-01-12 03:31:53', '2022-01-12 03:38:56', 70000);

-- --------------------------------------------------------

--
-- Table structure for table `transaction_logs`
--

CREATE TABLE `transaction_logs` (
  `id` bigint(20) UNSIGNED NOT NULL,
  `response` text COLLATE utf8mb4_unicode_ci DEFAULT NULL,
  `created_at` timestamp NULL DEFAULT NULL,
  `updated_at` timestamp NULL DEFAULT NULL,
  `title` varchar(191) COLLATE utf8mb4_unicode_ci DEFAULT NULL
) ENGINE=InnoDB DEFAULT CHARSET=utf8mb4 COLLATE=utf8mb4_unicode_ci;

--
-- Dumping data for table `transaction_logs`
--

INSERT INTO `transaction_logs` (`id`, `response`, `created_at`, `updated_at`, `title`) VALUES
(1, '{\"Status\":200,\"Data\":{\"SessionID\":\"19491839-4583-415F-BF2B-ABBE5625BAFC\",\"Url\":\"https:\\/\\/sandbox.ipaymu.com\\/payment\\/19491839-4583-415F-BF2B-ABBE5625BAFC\"},\"Message\":\"success\"}', '2021-12-13 13:09:35', '2021-12-13 13:09:35', 'IPayMu RedirectPayment'),
(2, 'HTTP/1.0 200 OK\r\nCache-Control: no-cache, private\r\nContent-Type:  application/json\r\nDate:          Mon, 13 Dec 2021 20:20:16 GMT\r\n\r\n{\"trx_id\":\"50901\",\"status\":\"pending\",\"status_code\":\"0\",\"via\":\"va\",\"channel\":\"bca\",\"sid\":\"19491839-4583-415F-BF2B-ABBE5625BAFC\",\"virtual_account\":\"16601001156\",\"va\":\"16601001156\",\"displayName\":\"Dadin Muhamad Ahmadin\",\"buyer_name\":\"Muhamad Ahmadin\",\"buyer_email\":\"ahmadinations@gmail.com\",\"buyer_phone\":\"089661030388\",\"total\":\"3068000\",\"fee\":\"4000\",\"expired_at\":\"2021-12-15 03:20:12\",\"url\":\"https:\\/\\/electroshop.diginese.my.id\\/api\\/v1\\/ipaymu\\/notify\"}', '2021-12-13 13:20:16', '2021-12-13 13:20:16', 'notify'),
(3, '{\"Status\":200,\"Data\":{\"TransactionId\":50901,\"SessionId\":\"19491839-4583-415F-BF2B-ABBE5625BAFC\",\"ReferenceId\":null,\"RelatedId\":0,\"Sender\":\"System\",\"Receiver\":\"dadhinz@gmail.com\",\"Amount\":\"3068000\",\"Fee\":\"4000\",\"Status\":0,\"StatusDesc\":\"Pending\",\"Type\":7,\"TypeDesc\":\"VA & Transfer Bank\",\"Notes\":\"BCA VA\",\"CreatedDate\":\"2021-12-14 03:20:12\",\"ExpiredDate\":\"2021-12-15 03:20:12\",\"SuccessDate\":\"-\",\"SettlementDate\":\"-\",\"PaymentChannel\":\"BCA\",\"PaymentCode\":\"16601001156\",\"BuyerName\":\"Muhamad Ahmadin\",\"BuyerPhone\":\"089661030388\",\"BuyerEmail\":\"ahmadinations@gmail.com\"},\"Message\":\"success\"}', '2021-12-13 13:20:36', '2021-12-13 13:20:36', 'IPayMu Check Transaction'),
(4, 'HTTP/1.0 200 OK\r\nCache-Control: no-cache, private\r\nContent-Type:  application/json\r\nDate:          Mon, 13 Dec 2021 20:20:39 GMT\r\n\r\n{\"trx_id\":\"50901\",\"sid\":\"19491839-4583-415F-BF2B-ABBE5625BAFC\",\"status_code\":\"1\",\"status\":\"berhasil\",\"via\":\"va&transferbank\"}', '2021-12-13 13:20:39', '2021-12-13 13:20:39', 'notify'),
(5, '{\"Status\":200,\"Data\":{\"TransactionId\":50901,\"SessionId\":\"19491839-4583-415F-BF2B-ABBE5625BAFC\",\"ReferenceId\":null,\"RelatedId\":0,\"Sender\":\"System\",\"Receiver\":\"dadhinz@gmail.com\",\"Amount\":\"3068000\",\"Fee\":\"4000\",\"Status\":0,\"StatusDesc\":\"Pending\",\"Type\":7,\"TypeDesc\":\"VA & Transfer Bank\",\"Notes\":\"BCA VA\",\"CreatedDate\":\"2021-12-14 03:20:12\",\"ExpiredDate\":\"2021-12-15 03:20:12\",\"SuccessDate\":\"-\",\"SettlementDate\":\"-\",\"PaymentChannel\":\"BCA\",\"PaymentCode\":\"16601001156\",\"BuyerName\":\"Muhamad Ahmadin\",\"BuyerPhone\":\"089661030388\",\"BuyerEmail\":\"ahmadinations@gmail.com\"},\"Message\":\"success\"}', '2021-12-13 13:20:41', '2021-12-13 13:20:41', 'IPayMu Check Transaction'),
(6, '{\"Status\":200,\"Data\":{\"TransactionId\":50901,\"SessionId\":\"19491839-4583-415F-BF2B-ABBE5625BAFC\",\"ReferenceId\":null,\"RelatedId\":0,\"Sender\":\"System\",\"Receiver\":\"dadhinz@gmail.com\",\"Amount\":\"3068000\",\"Fee\":\"4000\",\"Status\":0,\"StatusDesc\":\"Pending\",\"Type\":7,\"TypeDesc\":\"VA & Transfer Bank\",\"Notes\":\"BCA VA\",\"CreatedDate\":\"2021-12-14 03:20:12\",\"ExpiredDate\":\"2021-12-15 03:20:12\",\"SuccessDate\":\"-\",\"SettlementDate\":\"-\",\"PaymentChannel\":\"BCA\",\"PaymentCode\":\"16601001156\",\"BuyerName\":\"Muhamad Ahmadin\",\"BuyerPhone\":\"089661030388\",\"BuyerEmail\":\"ahmadinations@gmail.com\"},\"Message\":\"success\"}', '2021-12-13 13:20:43', '2021-12-13 13:20:43', 'IPayMu Check Transaction'),
(7, '{\"Status\":200,\"Data\":{\"TransactionId\":50901,\"SessionId\":\"19491839-4583-415F-BF2B-ABBE5625BAFC\",\"ReferenceId\":null,\"RelatedId\":0,\"Sender\":\"System\",\"Receiver\":\"dadhinz@gmail.com\",\"Amount\":\"3068000\",\"Fee\":\"4000\",\"Status\":0,\"StatusDesc\":\"Pending\",\"Type\":7,\"TypeDesc\":\"VA & Transfer Bank\",\"Notes\":\"BCA VA\",\"CreatedDate\":\"2021-12-14 03:20:12\",\"ExpiredDate\":\"2021-12-15 03:20:12\",\"SuccessDate\":\"-\",\"SettlementDate\":\"-\",\"PaymentChannel\":\"BCA\",\"PaymentCode\":\"16601001156\",\"BuyerName\":\"Muhamad Ahmadin\",\"BuyerPhone\":\"089661030388\",\"BuyerEmail\":\"ahmadinations@gmail.com\"},\"Message\":\"success\"}', '2021-12-13 13:20:50', '2021-12-13 13:20:50', 'IPayMu Check Transaction'),
(8, '{\"Status\":200,\"Data\":{\"TransactionId\":50901,\"SessionId\":\"19491839-4583-415F-BF2B-ABBE5625BAFC\",\"ReferenceId\":null,\"RelatedId\":0,\"Sender\":\"System\",\"Receiver\":\"dadhinz@gmail.com\",\"Amount\":\"3068000\",\"Fee\":\"4000\",\"Status\":0,\"StatusDesc\":\"Pending\",\"Type\":7,\"TypeDesc\":\"VA & Transfer Bank\",\"Notes\":\"BCA VA\",\"CreatedDate\":\"2021-12-14 03:20:12\",\"ExpiredDate\":\"2021-12-15 03:20:12\",\"SuccessDate\":\"-\",\"SettlementDate\":\"-\",\"PaymentChannel\":\"BCA\",\"PaymentCode\":\"16601001156\",\"BuyerName\":\"Muhamad Ahmadin\",\"BuyerPhone\":\"089661030388\",\"BuyerEmail\":\"ahmadinations@gmail.com\"},\"Message\":\"success\"}', '2021-12-13 13:20:52', '2021-12-13 13:20:52', 'IPayMu Check Transaction'),
(9, 'HTTP/1.0 200 OK\r\nCache-Control: no-cache, private\r\nContent-Type:  application/json\r\nDate:          Mon, 13 Dec 2021 20:22:20 GMT\r\n\r\n{\"trx_id\":\"50901\",\"sid\":\"19491839-4583-415F-BF2B-ABBE5625BAFC\",\"status_code\":\"1\",\"status\":\"berhasil\",\"via\":\"va&transferbank\"}', '2021-12-13 13:22:20', '2021-12-13 13:22:20', 'notify'),
(10, '{\"Status\":200,\"Data\":{\"TransactionId\":50901,\"SessionId\":\"19491839-4583-415F-BF2B-ABBE5625BAFC\",\"ReferenceId\":null,\"RelatedId\":0,\"Sender\":\"System\",\"Receiver\":\"dadhinz@gmail.com\",\"Amount\":\"3068000\",\"Fee\":\"4000\",\"Status\":1,\"StatusDesc\":\"Berhasil\",\"Type\":7,\"TypeDesc\":\"VA & Transfer Bank\",\"Notes\":\"BCA VA\",\"CreatedDate\":\"2021-12-14 03:20:12\",\"ExpiredDate\":\"2021-12-15 03:20:12\",\"SuccessDate\":\"2021-12-14 03:22:20\",\"SettlementDate\":\"-\",\"PaymentChannel\":\"BCA\",\"PaymentCode\":\"16601001156\",\"BuyerName\":\"Muhamad Ahmadin\",\"BuyerPhone\":\"089661030388\",\"BuyerEmail\":\"ahmadinations@gmail.com\"},\"Message\":\"success\"}', '2021-12-13 13:22:34', '2021-12-13 13:22:34', 'IPayMu Check Transaction'),
(11, '{\"Status\":200,\"Data\":{\"SessionID\":\"DDE7F959-B5AF-4058-93B7-D3FA65B0E456\",\"Url\":\"https:\\/\\/sandbox.ipaymu.com\\/payment\\/DDE7F959-B5AF-4058-93B7-D3FA65B0E456\"},\"Message\":\"success\"}', '2021-12-14 01:54:58', '2021-12-14 01:54:58', 'IPayMu RedirectPayment'),
(12, 'HTTP/1.0 200 OK\r\nCache-Control: no-cache, private\r\nContent-Type:  application/json\r\nDate:          Tue, 14 Dec 2021 09:24:55 GMT\r\n\r\n{\"trx_id\":\"50973\",\"status\":\"pending\",\"status_code\":\"0\",\"via\":\"va\",\"channel\":\"muamalat\",\"sid\":\"DDE7F959-B5AF-4058-93B7-D3FA65B0E456\",\"virtual_account\":\"000039900693\",\"va\":\"000039900693\",\"displayName\":\"Dadin harisf tertret\",\"buyer_name\":\"harisf tertret\",\"buyer_email\":\"harisanwar129@gmail.com\",\"buyer_phone\":\"1804545454546\",\"total\":\"102000\",\"fee\":\"3500\",\"expired_at\":\"2021-12-15 16:24:52\",\"url\":\"https:\\/\\/electroshop.diginese.my.id\\/api\\/v1\\/ipaymu\\/notify\"}', '2021-12-14 02:24:55', '2021-12-14 02:24:55', 'notify'),
(13, '{\"Status\":200,\"Data\":{\"TransactionId\":50973,\"SessionId\":\"DDE7F959-B5AF-4058-93B7-D3FA65B0E456\",\"ReferenceId\":null,\"RelatedId\":0,\"Sender\":\"System\",\"Receiver\":\"dadhinz@gmail.com\",\"Amount\":\"102000\",\"Fee\":\"3500\",\"Status\":0,\"StatusDesc\":\"Pending\",\"Type\":7,\"TypeDesc\":\"VA & Transfer Bank\",\"Notes\":\"BMI VA\",\"CreatedDate\":\"2021-12-14 16:24:52\",\"ExpiredDate\":\"2021-12-15 16:24:52\",\"SuccessDate\":\"-\",\"SettlementDate\":\"-\",\"PaymentChannel\":\"MUAMALAT\",\"PaymentCode\":\"000039900693\",\"BuyerName\":\"harisf tertret\",\"BuyerPhone\":\"1804545454546\",\"BuyerEmail\":\"harisanwar129@gmail.com\"},\"Message\":\"success\"}', '2021-12-14 02:54:21', '2021-12-14 02:54:21', 'IPayMu Check Transaction'),
(14, '{\"Status\":200,\"Data\":{\"TransactionId\":50973,\"SessionId\":\"DDE7F959-B5AF-4058-93B7-D3FA65B0E456\",\"ReferenceId\":null,\"RelatedId\":0,\"Sender\":\"System\",\"Receiver\":\"dadhinz@gmail.com\",\"Amount\":\"102000\",\"Fee\":\"3500\",\"Status\":0,\"StatusDesc\":\"Pending\",\"Type\":7,\"TypeDesc\":\"VA & Transfer Bank\",\"Notes\":\"BMI VA\",\"CreatedDate\":\"2021-12-14 16:24:52\",\"ExpiredDate\":\"2021-12-15 16:24:52\",\"SuccessDate\":\"-\",\"SettlementDate\":\"-\",\"PaymentChannel\":\"MUAMALAT\",\"PaymentCode\":\"000039900693\",\"BuyerName\":\"harisf tertret\",\"BuyerPhone\":\"1804545454546\",\"BuyerEmail\":\"harisanwar129@gmail.com\"},\"Message\":\"success\"}', '2021-12-14 02:54:23', '2021-12-14 02:54:23', 'IPayMu Check Transaction'),
(15, '{\"Status\":200,\"Data\":{\"TransactionId\":50973,\"SessionId\":\"DDE7F959-B5AF-4058-93B7-D3FA65B0E456\",\"ReferenceId\":null,\"RelatedId\":0,\"Sender\":\"System\",\"Receiver\":\"dadhinz@gmail.com\",\"Amount\":\"102000\",\"Fee\":\"3500\",\"Status\":0,\"StatusDesc\":\"Pending\",\"Type\":7,\"TypeDesc\":\"VA & Transfer Bank\",\"Notes\":\"BMI VA\",\"CreatedDate\":\"2021-12-14 16:24:52\",\"ExpiredDate\":\"2021-12-15 16:24:52\",\"SuccessDate\":\"-\",\"SettlementDate\":\"-\",\"PaymentChannel\":\"MUAMALAT\",\"PaymentCode\":\"000039900693\",\"BuyerName\":\"harisf tertret\",\"BuyerPhone\":\"1804545454546\",\"BuyerEmail\":\"harisanwar129@gmail.com\"},\"Message\":\"success\"}', '2021-12-14 02:54:25', '2021-12-14 02:54:25', 'IPayMu Check Transaction'),
(16, '{\"Status\":200,\"Data\":{\"TransactionId\":50901,\"SessionId\":\"19491839-4583-415F-BF2B-ABBE5625BAFC\",\"ReferenceId\":null,\"RelatedId\":0,\"Sender\":\"System\",\"Receiver\":\"dadhinz@gmail.com\",\"Amount\":\"3068000\",\"Fee\":\"4000\",\"Status\":1,\"StatusDesc\":\"Berhasil\",\"Type\":7,\"TypeDesc\":\"VA & Transfer Bank\",\"Notes\":\"BCA VA\",\"CreatedDate\":\"2021-12-14 03:20:12\",\"ExpiredDate\":\"2021-12-15 03:20:12\",\"SuccessDate\":\"2021-12-14 03:22:20\",\"SettlementDate\":\"-\",\"PaymentChannel\":\"BCA\",\"PaymentCode\":\"16601001156\",\"BuyerName\":\"Muhamad Ahmadin\",\"BuyerPhone\":\"089661030388\",\"BuyerEmail\":\"ahmadinations@gmail.com\"},\"Message\":\"success\"}', '2021-12-14 02:54:33', '2021-12-14 02:54:33', 'IPayMu Check Transaction'),
(17, '{\"Status\":200,\"Data\":{\"TransactionId\":50973,\"SessionId\":\"DDE7F959-B5AF-4058-93B7-D3FA65B0E456\",\"ReferenceId\":null,\"RelatedId\":0,\"Sender\":\"System\",\"Receiver\":\"dadhinz@gmail.com\",\"Amount\":\"102000\",\"Fee\":\"3500\",\"Status\":0,\"StatusDesc\":\"Pending\",\"Type\":7,\"TypeDesc\":\"VA & Transfer Bank\",\"Notes\":\"BMI VA\",\"CreatedDate\":\"2021-12-14 16:24:52\",\"ExpiredDate\":\"2021-12-15 16:24:52\",\"SuccessDate\":\"-\",\"SettlementDate\":\"-\",\"PaymentChannel\":\"MUAMALAT\",\"PaymentCode\":\"000039900693\",\"BuyerName\":\"harisf tertret\",\"BuyerPhone\":\"1804545454546\",\"BuyerEmail\":\"harisanwar129@gmail.com\"},\"Message\":\"success\"}', '2021-12-14 04:54:03', '2021-12-14 04:54:03', 'IPayMu Check Transaction'),
(18, '{\"Status\":200,\"Data\":{\"TransactionId\":50973,\"SessionId\":\"DDE7F959-B5AF-4058-93B7-D3FA65B0E456\",\"ReferenceId\":null,\"RelatedId\":0,\"Sender\":\"System\",\"Receiver\":\"dadhinz@gmail.com\",\"Amount\":\"102000\",\"Fee\":\"3500\",\"Status\":0,\"StatusDesc\":\"Pending\",\"Type\":7,\"TypeDesc\":\"VA & Transfer Bank\",\"Notes\":\"BMI VA\",\"CreatedDate\":\"2021-12-14 16:24:52\",\"ExpiredDate\":\"2021-12-15 16:24:52\",\"SuccessDate\":\"-\",\"SettlementDate\":\"-\",\"PaymentChannel\":\"MUAMALAT\",\"PaymentCode\":\"000039900693\",\"BuyerName\":\"harisf tertret\",\"BuyerPhone\":\"1804545454546\",\"BuyerEmail\":\"harisanwar129@gmail.com\"},\"Message\":\"success\"}', '2021-12-14 04:54:05', '2021-12-14 04:54:05', 'IPayMu Check Transaction'),
(19, '{\"Status\":200,\"Data\":{\"TransactionId\":50973,\"SessionId\":\"DDE7F959-B5AF-4058-93B7-D3FA65B0E456\",\"ReferenceId\":null,\"RelatedId\":0,\"Sender\":\"System\",\"Receiver\":\"dadhinz@gmail.com\",\"Amount\":\"102000\",\"Fee\":\"3500\",\"Status\":0,\"StatusDesc\":\"Pending\",\"Type\":7,\"TypeDesc\":\"VA & Transfer Bank\",\"Notes\":\"BMI VA\",\"CreatedDate\":\"2021-12-14 16:24:52\",\"ExpiredDate\":\"2021-12-15 16:24:52\",\"SuccessDate\":\"-\",\"SettlementDate\":\"-\",\"PaymentChannel\":\"MUAMALAT\",\"PaymentCode\":\"000039900693\",\"BuyerName\":\"harisf tertret\",\"BuyerPhone\":\"1804545454546\",\"BuyerEmail\":\"harisanwar129@gmail.com\"},\"Message\":\"success\"}', '2021-12-14 04:54:06', '2021-12-14 04:54:06', 'IPayMu Check Transaction'),
(20, '{\"Status\":200,\"Data\":{\"TransactionId\":50973,\"SessionId\":\"DDE7F959-B5AF-4058-93B7-D3FA65B0E456\",\"ReferenceId\":null,\"RelatedId\":0,\"Sender\":\"System\",\"Receiver\":\"dadhinz@gmail.com\",\"Amount\":\"102000\",\"Fee\":\"3500\",\"Status\":0,\"StatusDesc\":\"Pending\",\"Type\":7,\"TypeDesc\":\"VA & Transfer Bank\",\"Notes\":\"BMI VA\",\"CreatedDate\":\"2021-12-14 16:24:52\",\"ExpiredDate\":\"2021-12-15 16:24:52\",\"SuccessDate\":\"-\",\"SettlementDate\":\"-\",\"PaymentChannel\":\"MUAMALAT\",\"PaymentCode\":\"000039900693\",\"BuyerName\":\"harisf tertret\",\"BuyerPhone\":\"1804545454546\",\"BuyerEmail\":\"harisanwar129@gmail.com\"},\"Message\":\"success\"}', '2021-12-14 04:54:06', '2021-12-14 04:54:06', 'IPayMu Check Transaction'),
(21, '{\"Status\":200,\"Data\":{\"TransactionId\":50973,\"SessionId\":\"DDE7F959-B5AF-4058-93B7-D3FA65B0E456\",\"ReferenceId\":null,\"RelatedId\":0,\"Sender\":\"System\",\"Receiver\":\"dadhinz@gmail.com\",\"Amount\":\"102000\",\"Fee\":\"3500\",\"Status\":0,\"StatusDesc\":\"Pending\",\"Type\":7,\"TypeDesc\":\"VA & Transfer Bank\",\"Notes\":\"BMI VA\",\"CreatedDate\":\"2021-12-14 16:24:52\",\"ExpiredDate\":\"2021-12-15 16:24:52\",\"SuccessDate\":\"-\",\"SettlementDate\":\"-\",\"PaymentChannel\":\"MUAMALAT\",\"PaymentCode\":\"000039900693\",\"BuyerName\":\"harisf tertret\",\"BuyerPhone\":\"1804545454546\",\"BuyerEmail\":\"harisanwar129@gmail.com\"},\"Message\":\"success\"}', '2021-12-14 04:54:06', '2021-12-14 04:54:06', 'IPayMu Check Transaction'),
(22, '{\"Status\":200,\"Data\":{\"TransactionId\":50973,\"SessionId\":\"DDE7F959-B5AF-4058-93B7-D3FA65B0E456\",\"ReferenceId\":null,\"RelatedId\":0,\"Sender\":\"System\",\"Receiver\":\"dadhinz@gmail.com\",\"Amount\":\"102000\",\"Fee\":\"3500\",\"Status\":0,\"StatusDesc\":\"Pending\",\"Type\":7,\"TypeDesc\":\"VA & Transfer Bank\",\"Notes\":\"BMI VA\",\"CreatedDate\":\"2021-12-14 16:24:52\",\"ExpiredDate\":\"2021-12-15 16:24:52\",\"SuccessDate\":\"-\",\"SettlementDate\":\"-\",\"PaymentChannel\":\"MUAMALAT\",\"PaymentCode\":\"000039900693\",\"BuyerName\":\"harisf tertret\",\"BuyerPhone\":\"1804545454546\",\"BuyerEmail\":\"harisanwar129@gmail.com\"},\"Message\":\"success\"}', '2021-12-14 04:54:07', '2021-12-14 04:54:07', 'IPayMu Check Transaction'),
(23, '{\"Status\":200,\"Data\":{\"TransactionId\":50973,\"SessionId\":\"DDE7F959-B5AF-4058-93B7-D3FA65B0E456\",\"ReferenceId\":null,\"RelatedId\":0,\"Sender\":\"System\",\"Receiver\":\"dadhinz@gmail.com\",\"Amount\":\"102000\",\"Fee\":\"3500\",\"Status\":0,\"StatusDesc\":\"Pending\",\"Type\":7,\"TypeDesc\":\"VA & Transfer Bank\",\"Notes\":\"BMI VA\",\"CreatedDate\":\"2021-12-14 16:24:52\",\"ExpiredDate\":\"2021-12-15 16:24:52\",\"SuccessDate\":\"-\",\"SettlementDate\":\"-\",\"PaymentChannel\":\"MUAMALAT\",\"PaymentCode\":\"000039900693\",\"BuyerName\":\"harisf tertret\",\"BuyerPhone\":\"1804545454546\",\"BuyerEmail\":\"harisanwar129@gmail.com\"},\"Message\":\"success\"}', '2021-12-14 04:54:12', '2021-12-14 04:54:12', 'IPayMu Check Transaction'),
(24, '{\"Status\":200,\"Data\":{\"SessionID\":\"7E743B4B-39CB-49B9-8C3E-5D9F3211F205\",\"Url\":\"https:\\/\\/sandbox.ipaymu.com\\/payment\\/7E743B4B-39CB-49B9-8C3E-5D9F3211F205\"},\"Message\":\"success\"}', '2021-12-14 08:14:06', '2021-12-14 08:14:06', 'IPayMu RedirectPayment'),
(25, 'HTTP/1.0 200 OK\r\nCache-Control: no-cache, private\r\nContent-Type:  application/json\r\nDate:          Tue, 14 Dec 2021 15:14:33 GMT\r\n\r\n{\"trx_id\":\"51003\",\"status\":\"pending\",\"status_code\":\"0\",\"via\":\"va\",\"channel\":\"bca\",\"sid\":\"7E743B4B-39CB-49B9-8C3E-5D9F3211F205\",\"virtual_account\":\"16601001190\",\"va\":\"16601001190\",\"displayName\":\"Dadin Muhamad Ahmadin\",\"buyer_name\":\"Muhamad Ahmadin\",\"buyer_email\":\"ahmadinations@gmail.com\",\"buyer_phone\":\"089661030388\",\"total\":\"120000\",\"fee\":\"4000\",\"expired_at\":\"2021-12-15 22:14:30\",\"url\":\"https:\\/\\/electroshop.diginese.my.id\\/api\\/v1\\/ipaymu\\/notify\"}', '2021-12-14 08:14:33', '2021-12-14 08:14:33', 'notify'),
(26, '{\"Status\":200,\"Data\":{\"SessionID\":\"D7E7B212-E2EF-4019-885A-6B81EE1D044B\",\"Url\":\"https:\\/\\/sandbox.ipaymu.com\\/payment\\/D7E7B212-E2EF-4019-885A-6B81EE1D044B\"},\"Message\":\"success\"}', '2021-12-14 08:17:30', '2021-12-14 08:17:30', 'IPayMu RedirectPayment'),
(27, '{\"Status\":200,\"Data\":{\"SessionID\":\"0F977286-6468-44FA-BCB3-F7EE92619BEC\",\"Url\":\"https:\\/\\/sandbox.ipaymu.com\\/payment\\/0F977286-6468-44FA-BCB3-F7EE92619BEC\"},\"Message\":\"success\"}', '2021-12-14 08:19:42', '2021-12-14 08:19:42', 'IPayMu RedirectPayment'),
(28, 'HTTP/1.0 200 OK\r\nCache-Control: no-cache, private\r\nContent-Type:  application/json\r\nDate:          Tue, 14 Dec 2021 15:43:07 GMT\r\n\r\n{\"trx_id\":\"51004\",\"status\":\"pending\",\"status_code\":\"0\",\"via\":\"conveniencestore\",\"channel\":\"alfamart\",\"sid\":\"0F977286-6468-44FA-BCB3-F7EE92619BEC\",\"payment_code\":\"1001369198100\",\"buyer_name\":\"tertret\",\"buyer_email\":\"harisanwar129@gmail.com\",\"buyer_phone\":\"09090543545445\",\"total\":\"137000\",\"fee\":\"5902\",\"expired_code\":\"2021-12-15 21:43:01\",\"expired_at\":\"2021-12-15 21:43:01\",\"url\":\"https:\\/\\/electroshop.diginese.my.id\\/api\\/v1\\/ipaymu\\/notify\"}', '2021-12-14 08:43:07', '2021-12-14 08:43:07', 'notify'),
(29, 'HTTP/1.0 200 OK\r\nCache-Control: no-cache, private\r\nContent-Type:  application/json\r\nDate:          Tue, 14 Dec 2021 15:43:49 GMT\r\n\r\n{\"trx_id\":\"51004\",\"sid\":\"0F977286-6468-44FA-BCB3-F7EE92619BEC\",\"status_code\":\"1\",\"status\":\"berhasil\",\"via\":\"conveniencestore\"}', '2021-12-14 08:43:49', '2021-12-14 08:43:49', 'notify'),
(30, '{\"Status\":200,\"Data\":{\"SessionID\":\"F362D672-2AFE-4C15-9514-12375EB27591\",\"Url\":\"https:\\/\\/sandbox.ipaymu.com\\/payment\\/F362D672-2AFE-4C15-9514-12375EB27591\"},\"Message\":\"success\"}', '2021-12-15 00:30:57', '2021-12-15 00:30:57', 'IPayMu RedirectPayment'),
(31, 'HTTP/1.0 200 OK\r\nCache-Control: no-cache, private\r\nContent-Type:  application/json\r\nDate:          Wed, 15 Dec 2021 07:32:07 GMT\r\n\r\n{\"trx_id\":\"51050\",\"status\":\"pending\",\"status_code\":\"0\",\"via\":\"va\",\"channel\":\"bca\",\"sid\":\"F362D672-2AFE-4C15-9514-12375EB27591\",\"virtual_account\":\"16601001199\",\"va\":\"16601001199\",\"displayName\":\"Dadin Ai Ranti Mariska\",\"buyer_name\":\"Ai Ranti Mariska\",\"buyer_email\":\"airanti129@gmail.com\",\"buyer_phone\":\"087846689973\",\"total\":\"1266000\",\"fee\":\"4000\",\"expired_at\":\"2021-12-16 14:32:03\",\"url\":\"https:\\/\\/electroshop.diginese.my.id\\/api\\/v1\\/ipaymu\\/notify\"}', '2021-12-15 00:32:07', '2021-12-15 00:32:07', 'notify'),
(32, 'HTTP/1.0 200 OK\r\nCache-Control: no-cache, private\r\nContent-Type:  application/json\r\nDate:          Wed, 15 Dec 2021 07:32:50 GMT\r\n\r\n{\"trx_id\":\"51050\",\"sid\":\"F362D672-2AFE-4C15-9514-12375EB27591\",\"status_code\":\"1\",\"status\":\"berhasil\",\"via\":\"va&transferbank\"}', '2021-12-15 00:32:50', '2021-12-15 00:32:50', 'notify'),
(33, 'HTTP/1.0 200 OK\r\nCache-Control: no-cache, private\r\nContent-Type:  application/json\r\nDate:          Wed, 15 Dec 2021 12:47:12 GMT\r\n\r\n{\"trx_id\":\"50973\",\"sid\":\"DDE7F959-B5AF-4058-93B7-D3FA65B0E456\",\"status_code\":\"1\",\"status\":\"berhasil\",\"via\":\"va&transferbank\"}', '2021-12-15 05:47:12', '2021-12-15 05:47:12', 'notify'),
(34, '{\"Status\":200,\"Data\":{\"SessionID\":\"9F004D10-BC12-4210-9958-586D46B70C5C\",\"Url\":\"https:\\/\\/sandbox.ipaymu.com\\/payment\\/9F004D10-BC12-4210-9958-586D46B70C5C\"},\"Message\":\"success\"}', '2021-12-15 05:50:59', '2021-12-15 05:50:59', 'IPayMu RedirectPayment'),
(35, 'HTTP/1.0 200 OK\r\nCache-Control: no-cache, private\r\nContent-Type:  application/json\r\nDate:          Wed, 15 Dec 2021 12:51:29 GMT\r\n\r\n{\"trx_id\":\"51086\",\"status\":\"pending\",\"status_code\":\"0\",\"via\":\"va\",\"channel\":\"bca\",\"sid\":\"9F004D10-BC12-4210-9958-586D46B70C5C\",\"virtual_account\":\"16601001220\",\"va\":\"16601001220\",\"displayName\":\"Dadin tertret\",\"buyer_name\":\"tertret\",\"buyer_email\":\"harisanwar129@gmail.com\",\"buyer_phone\":\"65464563424242\",\"total\":\"35000\",\"fee\":\"4000\",\"expired_at\":\"2021-12-16 19:51:27\",\"url\":\"https:\\/\\/electroshop.diginese.my.id\\/api\\/v1\\/ipaymu\\/notify\"}', '2021-12-15 05:51:29', '2021-12-15 05:51:29', 'notify'),
(36, 'HTTP/1.0 200 OK\r\nCache-Control: no-cache, private\r\nContent-Type:  application/json\r\nDate:          Wed, 15 Dec 2021 12:51:48 GMT\r\n\r\n{\"trx_id\":\"51086\",\"sid\":\"9F004D10-BC12-4210-9958-586D46B70C5C\",\"status_code\":\"1\",\"status\":\"berhasil\",\"via\":\"va&transferbank\"}', '2021-12-15 05:51:48', '2021-12-15 05:51:48', 'notify'),
(37, '{\"Status\":200,\"Data\":{\"TransactionId\":50901,\"SessionId\":\"19491839-4583-415F-BF2B-ABBE5625BAFC\",\"ReferenceId\":null,\"RelatedId\":0,\"Sender\":\"System\",\"Receiver\":\"dadhinz@gmail.com\",\"Amount\":\"3068000\",\"Fee\":\"4000\",\"Status\":1,\"StatusDesc\":\"Berhasil\",\"Type\":7,\"TypeDesc\":\"VA & Transfer Bank\",\"Notes\":\"BCA VA\",\"CreatedDate\":\"2021-12-14 03:20:12\",\"ExpiredDate\":\"2021-12-15 03:20:12\",\"SuccessDate\":\"2021-12-14 03:22:20\",\"SettlementDate\":\"-\",\"PaymentChannel\":\"BCA\",\"PaymentCode\":\"16601001156\",\"BuyerName\":\"Muhamad Ahmadin\",\"BuyerPhone\":\"089661030388\",\"BuyerEmail\":\"ahmadinations@gmail.com\"},\"Message\":\"success\"}', '2021-12-15 07:20:01', '2021-12-15 07:20:01', 'IPayMu Check Transaction'),
(38, '{\"Status\":200,\"Data\":{\"TransactionId\":50973,\"SessionId\":\"DDE7F959-B5AF-4058-93B7-D3FA65B0E456\",\"ReferenceId\":null,\"RelatedId\":0,\"Sender\":\"System\",\"Receiver\":\"dadhinz@gmail.com\",\"Amount\":\"102000\",\"Fee\":\"3500\",\"Status\":1,\"StatusDesc\":\"Berhasil\",\"Type\":7,\"TypeDesc\":\"VA & Transfer Bank\",\"Notes\":\"BMI VA\",\"CreatedDate\":\"2021-12-14 16:24:52\",\"ExpiredDate\":\"2021-12-15 16:24:52\",\"SuccessDate\":\"2021-12-15 19:47:12\",\"SettlementDate\":\"-\",\"PaymentChannel\":\"MUAMALAT\",\"PaymentCode\":\"000039900693\",\"BuyerName\":\"harisf tertret\",\"BuyerPhone\":\"1804545454546\",\"BuyerEmail\":\"harisanwar129@gmail.com\"},\"Message\":\"success\"}', '2021-12-20 03:12:46', '2021-12-20 03:12:46', 'IPayMu Check Transaction'),
(39, '{\"Status\":200,\"Data\":{\"TransactionId\":50973,\"SessionId\":\"DDE7F959-B5AF-4058-93B7-D3FA65B0E456\",\"ReferenceId\":null,\"RelatedId\":0,\"Sender\":\"System\",\"Receiver\":\"dadhinz@gmail.com\",\"Amount\":\"102000\",\"Fee\":\"3500\",\"Status\":1,\"StatusDesc\":\"Berhasil\",\"Type\":7,\"TypeDesc\":\"VA & Transfer Bank\",\"Notes\":\"BMI VA\",\"CreatedDate\":\"2021-12-14 16:24:52\",\"ExpiredDate\":\"2021-12-15 16:24:52\",\"SuccessDate\":\"2021-12-15 19:47:12\",\"SettlementDate\":\"-\",\"PaymentChannel\":\"MUAMALAT\",\"PaymentCode\":\"000039900693\",\"BuyerName\":\"harisf tertret\",\"BuyerPhone\":\"1804545454546\",\"BuyerEmail\":\"harisanwar129@gmail.com\"},\"Message\":\"success\"}', '2021-12-20 03:12:47', '2021-12-20 03:12:47', 'IPayMu Check Transaction'),
(40, '{\"Status\":200,\"Data\":{\"TransactionId\":51003,\"SessionId\":\"7E743B4B-39CB-49B9-8C3E-5D9F3211F205\",\"ReferenceId\":null,\"RelatedId\":0,\"Sender\":\"System\",\"Receiver\":\"dadhinz@gmail.com\",\"Amount\":\"120000\",\"Fee\":\"4000\",\"Status\":-2,\"StatusDesc\":\"Expired\",\"Type\":7,\"TypeDesc\":\"VA & Transfer Bank\",\"Notes\":\"BCA VA\",\"CreatedDate\":\"2021-12-14 22:14:30\",\"ExpiredDate\":\"2021-12-15 22:14:30\",\"SuccessDate\":\"-\",\"SettlementDate\":\"-\",\"PaymentChannel\":\"BCA\",\"PaymentCode\":\"16601001190\",\"BuyerName\":\"Muhamad Ahmadin\",\"BuyerPhone\":\"089661030388\",\"BuyerEmail\":\"ahmadinations@gmail.com\"},\"Message\":\"success\"}', '2021-12-20 03:14:22', '2021-12-20 03:14:22', 'IPayMu Check Transaction'),
(41, '{\"Status\":200,\"Data\":{\"TransactionId\":51003,\"SessionId\":\"7E743B4B-39CB-49B9-8C3E-5D9F3211F205\",\"ReferenceId\":null,\"RelatedId\":0,\"Sender\":\"System\",\"Receiver\":\"dadhinz@gmail.com\",\"Amount\":\"120000\",\"Fee\":\"4000\",\"Status\":-2,\"StatusDesc\":\"Expired\",\"Type\":7,\"TypeDesc\":\"VA & Transfer Bank\",\"Notes\":\"BCA VA\",\"CreatedDate\":\"2021-12-14 22:14:30\",\"ExpiredDate\":\"2021-12-15 22:14:30\",\"SuccessDate\":\"-\",\"SettlementDate\":\"-\",\"PaymentChannel\":\"BCA\",\"PaymentCode\":\"16601001190\",\"BuyerName\":\"Muhamad Ahmadin\",\"BuyerPhone\":\"089661030388\",\"BuyerEmail\":\"ahmadinations@gmail.com\"},\"Message\":\"success\"}', '2021-12-20 03:14:25', '2021-12-20 03:14:25', 'IPayMu Check Transaction'),
(42, '{\"Status\":200,\"Data\":{\"TransactionId\":51003,\"SessionId\":\"7E743B4B-39CB-49B9-8C3E-5D9F3211F205\",\"ReferenceId\":null,\"RelatedId\":0,\"Sender\":\"System\",\"Receiver\":\"dadhinz@gmail.com\",\"Amount\":\"120000\",\"Fee\":\"4000\",\"Status\":-2,\"StatusDesc\":\"Expired\",\"Type\":7,\"TypeDesc\":\"VA & Transfer Bank\",\"Notes\":\"BCA VA\",\"CreatedDate\":\"2021-12-14 22:14:30\",\"ExpiredDate\":\"2021-12-15 22:14:30\",\"SuccessDate\":\"-\",\"SettlementDate\":\"-\",\"PaymentChannel\":\"BCA\",\"PaymentCode\":\"16601001190\",\"BuyerName\":\"Muhamad Ahmadin\",\"BuyerPhone\":\"089661030388\",\"BuyerEmail\":\"ahmadinations@gmail.com\"},\"Message\":\"success\"}', '2021-12-20 03:14:29', '2021-12-20 03:14:29', 'IPayMu Check Transaction'),
(43, '{\"Status\":200,\"Data\":{\"TransactionId\":50973,\"SessionId\":\"DDE7F959-B5AF-4058-93B7-D3FA65B0E456\",\"ReferenceId\":null,\"RelatedId\":0,\"Sender\":\"System\",\"Receiver\":\"dadhinz@gmail.com\",\"Amount\":\"102000\",\"Fee\":\"3500\",\"Status\":1,\"StatusDesc\":\"Berhasil\",\"Type\":7,\"TypeDesc\":\"VA & Transfer Bank\",\"Notes\":\"BMI VA\",\"CreatedDate\":\"2021-12-14 16:24:52\",\"ExpiredDate\":\"2021-12-15 16:24:52\",\"SuccessDate\":\"2021-12-15 19:47:12\",\"SettlementDate\":\"-\",\"PaymentChannel\":\"MUAMALAT\",\"PaymentCode\":\"000039900693\",\"BuyerName\":\"harisf tertret\",\"BuyerPhone\":\"1804545454546\",\"BuyerEmail\":\"harisanwar129@gmail.com\"},\"Message\":\"success\"}', '2021-12-20 03:14:54', '2021-12-20 03:14:54', 'IPayMu Check Transaction'),
(44, '{\"Status\":200,\"Data\":{\"TransactionId\":50973,\"SessionId\":\"DDE7F959-B5AF-4058-93B7-D3FA65B0E456\",\"ReferenceId\":null,\"RelatedId\":0,\"Sender\":\"System\",\"Receiver\":\"dadhinz@gmail.com\",\"Amount\":\"102000\",\"Fee\":\"3500\",\"Status\":1,\"StatusDesc\":\"Berhasil\",\"Type\":7,\"TypeDesc\":\"VA & Transfer Bank\",\"Notes\":\"BMI VA\",\"CreatedDate\":\"2021-12-14 16:24:52\",\"ExpiredDate\":\"2021-12-15 16:24:52\",\"SuccessDate\":\"2021-12-15 19:47:12\",\"SettlementDate\":\"-\",\"PaymentChannel\":\"MUAMALAT\",\"PaymentCode\":\"000039900693\",\"BuyerName\":\"harisf tertret\",\"BuyerPhone\":\"1804545454546\",\"BuyerEmail\":\"harisanwar129@gmail.com\"},\"Message\":\"success\"}', '2021-12-20 03:15:02', '2021-12-20 03:15:02', 'IPayMu Check Transaction'),
(45, '{\"Status\":200,\"Data\":{\"SessionID\":\"F766C59C-1811-408D-BB44-FE2FF73CBD25\",\"Url\":\"https:\\/\\/sandbox.ipaymu.com\\/payment\\/F766C59C-1811-408D-BB44-FE2FF73CBD25\"},\"Message\":\"success\"}', '2021-12-20 03:20:56', '2021-12-20 03:20:56', 'IPayMu RedirectPayment'),
(46, '{\"Status\":200,\"Data\":{\"SessionID\":\"F68A25FD-C786-4665-A6B1-E44F1B44FB2D\",\"Url\":\"https:\\/\\/sandbox.ipaymu.com\\/payment\\/F68A25FD-C786-4665-A6B1-E44F1B44FB2D\"},\"Message\":\"success\"}', '2021-12-20 03:24:40', '2021-12-20 03:24:40', 'IPayMu RedirectPayment'),
(47, 'HTTP/1.0 200 OK\r\nCache-Control: no-cache, private\r\nContent-Type:  application/json\r\nDate:          Mon, 20 Dec 2021 10:25:13 GMT\r\n\r\n{\"trx_id\":\"51417\",\"status\":\"pending\",\"status_code\":\"0\",\"via\":\"va\",\"channel\":\"muamalat\",\"sid\":\"F68A25FD-C786-4665-A6B1-E44F1B44FB2D\",\"virtual_account\":\"000001499510\",\"va\":\"000001499510\",\"displayName\":\"Dadin harisf tertret\",\"buyer_name\":\"harisf tertret\",\"buyer_email\":\"harisanwar129@gmail.com\",\"buyer_phone\":\"65464564234232\",\"total\":\"2950000\",\"fee\":\"3500\",\"expired_at\":\"2021-12-21 17:25:11\",\"url\":\"https:\\/\\/electroshop.diginese.my.id\\/api\\/v1\\/ipaymu\\/notify\"}', '2021-12-20 03:25:13', '2021-12-20 03:25:13', 'notify'),
(48, 'HTTP/1.0 200 OK\r\nCache-Control: no-cache, private\r\nContent-Type:  application/json\r\nDate:          Mon, 20 Dec 2021 10:25:39 GMT\r\n\r\n{\"trx_id\":\"51417\",\"sid\":\"F68A25FD-C786-4665-A6B1-E44F1B44FB2D\",\"status_code\":\"1\",\"status\":\"berhasil\",\"via\":\"va&transferbank\"}', '2021-12-20 03:25:39', '2021-12-20 03:25:39', 'notify'),
(49, '{\"Status\":200,\"Data\":{\"SessionID\":\"541E34D7-E95C-4B22-A804-BF1B68A112DB\",\"Url\":\"https:\\/\\/sandbox.ipaymu.com\\/payment\\/541E34D7-E95C-4B22-A804-BF1B68A112DB\"},\"Message\":\"success\"}', '2021-12-20 05:52:11', '2021-12-20 05:52:11', 'IPayMu RedirectPayment'),
(50, '{\"Status\":200,\"Data\":{\"SessionID\":\"F8B7E58A-A0E6-4B03-983B-37C8E46CD0FD\",\"Url\":\"https:\\/\\/sandbox.ipaymu.com\\/payment\\/F8B7E58A-A0E6-4B03-983B-37C8E46CD0FD\"},\"Message\":\"success\"}', '2021-12-20 05:53:16', '2021-12-20 05:53:16', 'IPayMu RedirectPayment'),
(51, 'HTTP/1.0 200 OK\r\nCache-Control: no-cache, private\r\nContent-Type:  application/json\r\nDate:          Mon, 20 Dec 2021 12:54:06 GMT\r\n\r\n{\"trx_id\":\"51429\",\"status\":\"pending\",\"status_code\":\"0\",\"via\":\"va\",\"channel\":\"bca\",\"sid\":\"F8B7E58A-A0E6-4B03-983B-37C8E46CD0FD\",\"virtual_account\":\"16601001338\",\"va\":\"16601001338\",\"displayName\":\"Dadin tertret\",\"buyer_name\":\"tertret\",\"buyer_email\":\"harisanwar129@gmail.com\",\"buyer_phone\":\"65464554524545\",\"total\":\"2717000\",\"fee\":\"4000\",\"expired_at\":\"2021-12-21 19:54:03\",\"url\":\"https:\\/\\/electroshop.diginese.my.id\\/api\\/v1\\/ipaymu\\/notify\"}', '2021-12-20 05:54:06', '2021-12-20 05:54:06', 'notify'),
(52, 'HTTP/1.0 200 OK\r\nCache-Control: no-cache, private\r\nContent-Type:  application/json\r\nDate:          Mon, 20 Dec 2021 12:54:23 GMT\r\n\r\n{\"trx_id\":\"51429\",\"sid\":\"F8B7E58A-A0E6-4B03-983B-37C8E46CD0FD\",\"status_code\":\"1\",\"status\":\"berhasil\",\"via\":\"va&transferbank\"}', '2021-12-20 05:54:23', '2021-12-20 05:54:23', 'notify'),
(53, '{\"Status\":200,\"Data\":{\"SessionID\":\"37FF07BE-3474-4E0B-92D1-6856B573812A\",\"Url\":\"https:\\/\\/sandbox.ipaymu.com\\/payment\\/37FF07BE-3474-4E0B-92D1-6856B573812A\"},\"Message\":\"success\"}', '2021-12-20 06:00:54', '2021-12-20 06:00:54', 'IPayMu RedirectPayment'),
(54, 'HTTP/1.0 200 OK\r\nCache-Control: no-cache, private\r\nContent-Type:  application/json\r\nDate:          Mon, 20 Dec 2021 13:02:16 GMT\r\n\r\n{\"trx_id\":\"51430\",\"status\":\"pending\",\"status_code\":\"0\",\"via\":\"conveniencestore\",\"channel\":\"alfamart\",\"sid\":\"37FF07BE-3474-4E0B-92D1-6856B573812A\",\"payment_code\":\"1001370082647\",\"buyer_name\":\"tertret\",\"buyer_email\":\"harisanwar129@gmail.com\",\"buyer_phone\":\"65464568787878\",\"total\":\"38000\",\"fee\":\"4487\",\"expired_code\":\"2021-12-21 19:01:52\",\"expired_at\":\"2021-12-21 19:01:52\",\"url\":\"https:\\/\\/electroshop.diginese.my.id\\/api\\/v1\\/ipaymu\\/notify\"}', '2021-12-20 06:02:16', '2021-12-20 06:02:16', 'notify'),
(55, 'HTTP/1.0 200 OK\r\nCache-Control: no-cache, private\r\nContent-Type:  application/json\r\nDate:          Mon, 20 Dec 2021 13:02:47 GMT\r\n\r\n{\"trx_id\":\"51430\",\"sid\":\"37FF07BE-3474-4E0B-92D1-6856B573812A\",\"status_code\":\"1\",\"status\":\"berhasil\",\"via\":\"conveniencestore\"}', '2021-12-20 06:02:47', '2021-12-20 06:02:47', 'notify'),
(56, '{\"Status\":200,\"Data\":{\"SessionID\":\"2703BFF1-6079-42CD-84AB-58A02090FFAF\",\"Url\":\"https:\\/\\/sandbox.ipaymu.com\\/payment\\/2703BFF1-6079-42CD-84AB-58A02090FFAF\"},\"Message\":\"success\"}', '2021-12-20 06:07:08', '2021-12-20 06:07:08', 'IPayMu RedirectPayment'),
(57, '{\"Status\":200,\"Data\":{\"SessionID\":\"9BA5F704-6B96-4363-9569-B80C6F91F84A\",\"Url\":\"https:\\/\\/sandbox.ipaymu.com\\/payment\\/9BA5F704-6B96-4363-9569-B80C6F91F84A\"},\"Message\":\"success\"}', '2021-12-20 06:13:57', '2021-12-20 06:13:57', 'IPayMu RedirectPayment'),
(58, '{\"Status\":200,\"Data\":{\"SessionID\":\"43AB7EBE-4C56-43B9-A61B-2F7273D321CE\",\"Url\":\"https:\\/\\/sandbox.ipaymu.com\\/payment\\/43AB7EBE-4C56-43B9-A61B-2F7273D321CE\"},\"Message\":\"success\"}', '2021-12-20 12:33:40', '2021-12-20 12:33:40', 'IPayMu RedirectPayment'),
(59, '{\"Status\":200,\"Data\":{\"TransactionId\":51003,\"SessionId\":\"7E743B4B-39CB-49B9-8C3E-5D9F3211F205\",\"ReferenceId\":null,\"RelatedId\":0,\"Sender\":\"System\",\"Receiver\":\"dadhinz@gmail.com\",\"Amount\":\"120000\",\"Fee\":\"4000\",\"Status\":-2,\"StatusDesc\":\"Expired\",\"Type\":7,\"TypeDesc\":\"VA & Transfer Bank\",\"Notes\":\"BCA VA\",\"CreatedDate\":\"2021-12-14 22:14:30\",\"ExpiredDate\":\"2021-12-15 22:14:30\",\"SuccessDate\":\"-\",\"SettlementDate\":\"-\",\"PaymentChannel\":\"BCA\",\"PaymentCode\":\"16601001190\",\"BuyerName\":\"Muhamad Ahmadin\",\"BuyerPhone\":\"089661030388\",\"BuyerEmail\":\"ahmadinations@gmail.com\"},\"Message\":\"success\"}', '2021-12-26 18:55:15', '2021-12-26 18:55:15', 'IPayMu Check Transaction'),
(60, '{\"Status\":200,\"Data\":{\"TransactionId\":51003,\"SessionId\":\"7E743B4B-39CB-49B9-8C3E-5D9F3211F205\",\"ReferenceId\":null,\"RelatedId\":0,\"Sender\":\"System\",\"Receiver\":\"dadhinz@gmail.com\",\"Amount\":\"120000\",\"Fee\":\"4000\",\"Status\":-2,\"StatusDesc\":\"Expired\",\"Type\":7,\"TypeDesc\":\"VA & Transfer Bank\",\"Notes\":\"BCA VA\",\"CreatedDate\":\"2021-12-14 22:14:30\",\"ExpiredDate\":\"2021-12-15 22:14:30\",\"SuccessDate\":\"-\",\"SettlementDate\":\"-\",\"PaymentChannel\":\"BCA\",\"PaymentCode\":\"16601001190\",\"BuyerName\":\"Muhamad Ahmadin\",\"BuyerPhone\":\"089661030388\",\"BuyerEmail\":\"ahmadinations@gmail.com\"},\"Message\":\"success\"}', '2021-12-26 18:55:16', '2021-12-26 18:55:16', 'IPayMu Check Transaction'),
(61, '{\"Status\":200,\"Data\":{\"TransactionId\":51003,\"SessionId\":\"7E743B4B-39CB-49B9-8C3E-5D9F3211F205\",\"ReferenceId\":null,\"RelatedId\":0,\"Sender\":\"System\",\"Receiver\":\"dadhinz@gmail.com\",\"Amount\":\"120000\",\"Fee\":\"4000\",\"Status\":-2,\"StatusDesc\":\"Expired\",\"Type\":7,\"TypeDesc\":\"VA & Transfer Bank\",\"Notes\":\"BCA VA\",\"CreatedDate\":\"2021-12-14 22:14:30\",\"ExpiredDate\":\"2021-12-15 22:14:30\",\"SuccessDate\":\"-\",\"SettlementDate\":\"-\",\"PaymentChannel\":\"BCA\",\"PaymentCode\":\"16601001190\",\"BuyerName\":\"Muhamad Ahmadin\",\"BuyerPhone\":\"089661030388\",\"BuyerEmail\":\"ahmadinations@gmail.com\"},\"Message\":\"success\"}', '2021-12-26 18:55:16', '2021-12-26 18:55:16', 'IPayMu Check Transaction'),
(62, '{\"Status\":200,\"Data\":{\"TransactionId\":51003,\"SessionId\":\"7E743B4B-39CB-49B9-8C3E-5D9F3211F205\",\"ReferenceId\":null,\"RelatedId\":0,\"Sender\":\"System\",\"Receiver\":\"dadhinz@gmail.com\",\"Amount\":\"120000\",\"Fee\":\"4000\",\"Status\":-2,\"StatusDesc\":\"Expired\",\"Type\":7,\"TypeDesc\":\"VA & Transfer Bank\",\"Notes\":\"BCA VA\",\"CreatedDate\":\"2021-12-14 22:14:30\",\"ExpiredDate\":\"2021-12-15 22:14:30\",\"SuccessDate\":\"-\",\"SettlementDate\":\"-\",\"PaymentChannel\":\"BCA\",\"PaymentCode\":\"16601001190\",\"BuyerName\":\"Muhamad Ahmadin\",\"BuyerPhone\":\"089661030388\",\"BuyerEmail\":\"ahmadinations@gmail.com\"},\"Message\":\"success\"}', '2021-12-26 18:55:16', '2021-12-26 18:55:16', 'IPayMu Check Transaction'),
(63, '{\"Status\":200,\"Data\":{\"TransactionId\":51003,\"SessionId\":\"7E743B4B-39CB-49B9-8C3E-5D9F3211F205\",\"ReferenceId\":null,\"RelatedId\":0,\"Sender\":\"System\",\"Receiver\":\"dadhinz@gmail.com\",\"Amount\":\"120000\",\"Fee\":\"4000\",\"Status\":-2,\"StatusDesc\":\"Expired\",\"Type\":7,\"TypeDesc\":\"VA & Transfer Bank\",\"Notes\":\"BCA VA\",\"CreatedDate\":\"2021-12-14 22:14:30\",\"ExpiredDate\":\"2021-12-15 22:14:30\",\"SuccessDate\":\"-\",\"SettlementDate\":\"-\",\"PaymentChannel\":\"BCA\",\"PaymentCode\":\"16601001190\",\"BuyerName\":\"Muhamad Ahmadin\",\"BuyerPhone\":\"089661030388\",\"BuyerEmail\":\"ahmadinations@gmail.com\"},\"Message\":\"success\"}', '2021-12-26 18:55:22', '2021-12-26 18:55:22', 'IPayMu Check Transaction'),
(64, 'HTTP/1.0 200 OK\r\nCache-Control: no-cache, private\r\nContent-Type:  application/json\r\nDate:          Tue, 28 Dec 2021 11:05:29 GMT\r\n\r\n{\"trx_id\":\"52091\",\"status\":\"pending\",\"status_code\":\"0\",\"via\":\"va\",\"channel\":\"bca\",\"sid\":\"9BA5F704-6B96-4363-9569-B80C6F91F84A\",\"virtual_account\":\"16601001557\",\"va\":\"16601001557\",\"displayName\":\"Dadin tertret\",\"buyer_name\":\"tertret\",\"buyer_email\":\"harisanwar129@gmail.com\",\"buyer_phone\":\"5435353453\",\"total\":\"72000\",\"fee\":\"4000\",\"expired_at\":\"2021-12-29 18:05:25\",\"url\":\"https:\\/\\/electroshop.diginese.my.id\\/api\\/v1\\/ipaymu\\/notify\"}', '2021-12-28 04:05:29', '2021-12-28 04:05:29', 'notify'),
(65, 'HTTP/1.0 200 OK\r\nCache-Control: no-cache, private\r\nContent-Type:  application/json\r\nDate:          Tue, 28 Dec 2021 11:05:58 GMT\r\n\r\n{\"trx_id\":\"52091\",\"sid\":\"9BA5F704-6B96-4363-9569-B80C6F91F84A\",\"status_code\":\"1\",\"status\":\"berhasil\",\"via\":\"va&transferbank\"}', '2021-12-28 04:05:58', '2021-12-28 04:05:58', 'notify'),
(66, '{\"Status\":200,\"Data\":{\"TransactionId\":50901,\"SessionId\":\"19491839-4583-415F-BF2B-ABBE5625BAFC\",\"ReferenceId\":null,\"RelatedId\":0,\"Sender\":\"System\",\"Receiver\":\"dadhinz@gmail.com\",\"Amount\":\"3068000\",\"Fee\":\"4000\",\"Status\":1,\"StatusDesc\":\"Berhasil\",\"Type\":7,\"TypeDesc\":\"VA & Transfer Bank\",\"Notes\":\"BCA VA\",\"CreatedDate\":\"2021-12-14 03:20:12\",\"ExpiredDate\":\"2021-12-15 03:20:12\",\"SuccessDate\":\"2021-12-14 03:22:20\",\"SettlementDate\":\"-\",\"PaymentChannel\":\"BCA\",\"PaymentCode\":\"16601001156\",\"BuyerName\":\"Muhamad Ahmadin\",\"BuyerPhone\":\"089661030388\",\"BuyerEmail\":\"ahmadinations@gmail.com\"},\"Message\":\"success\"}', '2021-12-28 04:08:24', '2021-12-28 04:08:24', 'IPayMu Check Transaction'),
(67, '{\"message\":\"Pesanan kurang dari 5000, maka tidak ada link pembayaran\"}', '2021-12-28 04:10:08', '2021-12-28 04:10:08', 'Free Transaction'),
(68, '{\"Status\":200,\"Data\":{\"SessionID\":\"F829506A-DB36-4A72-9483-45ED7E01BF71\",\"Url\":\"https:\\/\\/sandbox.ipaymu.com\\/payment\\/F829506A-DB36-4A72-9483-45ED7E01BF71\"},\"Message\":\"success\"}', '2021-12-28 04:11:03', '2021-12-28 04:11:03', 'IPayMu RedirectPayment'),
(69, 'HTTP/1.0 200 OK\r\nCache-Control: no-cache, private\r\nContent-Type:  application/json\r\nDate:          Tue, 28 Dec 2021 11:11:36 GMT\r\n\r\n{\"trx_id\":\"52092\",\"status\":\"pending\",\"status_code\":\"0\",\"via\":\"va\",\"channel\":\"bca\",\"sid\":\"F829506A-DB36-4A72-9483-45ED7E01BF71\",\"virtual_account\":\"16601001558\",\"va\":\"16601001558\",\"displayName\":\"Dadin harisf tertret\",\"buyer_name\":\"harisf tertret\",\"buyer_email\":\"harisanwar129@gmail.com\",\"buyer_phone\":\"654645654645646\",\"total\":\"576000\",\"fee\":\"4000\",\"expired_at\":\"2021-12-29 18:11:32\",\"url\":\"https:\\/\\/electroshop.diginese.my.id\\/api\\/v1\\/ipaymu\\/notify\"}', '2021-12-28 04:11:36', '2021-12-28 04:11:36', 'notify'),
(70, 'HTTP/1.0 200 OK\r\nCache-Control: no-cache, private\r\nContent-Type:  application/json\r\nDate:          Tue, 28 Dec 2021 11:11:46 GMT\r\n\r\n{\"trx_id\":\"52092\",\"sid\":\"F829506A-DB36-4A72-9483-45ED7E01BF71\",\"status_code\":\"1\",\"status\":\"berhasil\",\"via\":\"va&transferbank\"}', '2021-12-28 04:11:46', '2021-12-28 04:11:46', 'notify'),
(71, '{\"message\":\"Pesanan kurang dari 5000, maka tidak ada link pembayaran\"}', '2021-12-28 21:51:29', '2021-12-28 21:51:29', 'Free Transaction'),
(72, '{\"message\":\"Pesanan kurang dari 5000, maka tidak ada link pembayaran\"}', '2021-12-29 17:59:43', '2021-12-29 17:59:43', 'Free Transaction'),
(73, '{\"Status\":200,\"Data\":{\"SessionID\":\"149A050F-D698-4D23-9A26-896A7DC1CC95\",\"Url\":\"https:\\/\\/sandbox.ipaymu.com\\/payment\\/149A050F-D698-4D23-9A26-896A7DC1CC95\"},\"Message\":\"success\"}', '2021-12-29 18:00:59', '2021-12-29 18:00:59', 'IPayMu RedirectPayment'),
(74, 'HTTP/1.0 200 OK\r\nCache-Control: no-cache, private\r\nContent-Type:  application/json\r\nDate:          Thu, 30 Dec 2021 01:04:48 GMT\r\n\r\n{\"trx_id\":\"52186\",\"status\":\"pending\",\"status_code\":\"0\",\"via\":\"va\",\"channel\":\"bca\",\"sid\":\"149A050F-D698-4D23-9A26-896A7DC1CC95\",\"virtual_account\":\"16601001593\",\"va\":\"16601001593\",\"displayName\":\"Dadin tertret\",\"buyer_name\":\"tertret\",\"buyer_email\":\"harisanwar129@gmail.com\",\"buyer_phone\":\"087873833837\",\"total\":\"86000\",\"fee\":\"4000\",\"expired_at\":\"2021-12-31 08:04:43\",\"url\":\"https:\\/\\/electroshop.diginese.my.id\\/api\\/v1\\/ipaymu\\/notify\"}', '2021-12-29 18:04:48', '2021-12-29 18:04:48', 'notify'),
(75, 'HTTP/1.0 200 OK\r\nCache-Control: no-cache, private\r\nContent-Type:  application/json\r\nDate:          Thu, 30 Dec 2021 01:05:51 GMT\r\n\r\n{\"trx_id\":\"52186\",\"sid\":\"149A050F-D698-4D23-9A26-896A7DC1CC95\",\"status_code\":\"1\",\"status\":\"berhasil\",\"via\":\"va&transferbank\"}', '2021-12-29 18:05:51', '2021-12-29 18:05:51', 'notify'),
(76, 'HTTP/1.0 200 OK\r\nCache-Control: no-cache, private\r\nContent-Type:  application/json\r\nDate:          Thu, 30 Dec 2021 09:30:24 GMT\r\n\r\n{\"trx_id\":\"50901\",\"sid\":\"19491839-4583-415F-BF2B-ABBE5625BAFC\",\"status_code\":\"1\",\"status\":\"berhasil\",\"via\":\"va&transferbank\"}', '2021-12-30 02:30:24', '2021-12-30 02:30:24', 'notify'),
(77, '{\"Status\":200,\"Data\":{\"SessionID\":\"A1CB4379-2C53-43FD-B319-79D95DA92F83\",\"Url\":\"https:\\/\\/sandbox.ipaymu.com\\/payment\\/A1CB4379-2C53-43FD-B319-79D95DA92F83\"},\"Message\":\"success\"}', '2021-12-31 02:44:50', '2021-12-31 02:44:50', 'IPayMu RedirectPayment'),
(78, 'HTTP/1.0 200 OK\r\nCache-Control: no-cache, private\r\nContent-Type:  application/json\r\nDate:          Sun, 02 Jan 2022 13:59:49 GMT\r\n\r\n{\"trx_id\":\"52402\",\"status\":\"pending\",\"status_code\":\"0\",\"via\":\"conveniencestore\",\"channel\":\"alfamart\",\"sid\":\"A1CB4379-2C53-43FD-B319-79D95DA92F83\",\"payment_code\":\"1001372181814\",\"buyer_name\":\"tertret\",\"buyer_email\":\"harisanwar129@gmail.com\",\"buyer_phone\":\"645645656464\",\"total\":\"113000\",\"fee\":\"5559\",\"expired_code\":\"2022-01-03 19:59:35\",\"expired_at\":\"2022-01-03 19:59:35\",\"url\":\"https:\\/\\/electroshop.diginese.my.id\\/api\\/v1\\/ipaymu\\/notify\"}', '2022-01-02 06:59:49', '2022-01-02 06:59:49', 'notify'),
(79, 'HTTP/1.0 200 OK\r\nCache-Control: no-cache, private\r\nContent-Type:  application/json\r\nDate:          Sun, 02 Jan 2022 14:00:35 GMT\r\n\r\n{\"trx_id\":\"52402\",\"sid\":\"A1CB4379-2C53-43FD-B319-79D95DA92F83\",\"status_code\":\"1\",\"status\":\"berhasil\",\"via\":\"conveniencestore\"}', '2022-01-02 07:00:35', '2022-01-02 07:00:35', 'notify'),
(80, '{\"Status\":200,\"Data\":{\"TransactionId\":52402,\"SessionId\":\"A1CB4379-2C53-43FD-B319-79D95DA92F83\",\"ReferenceId\":null,\"RelatedId\":0,\"Sender\":\"System\",\"Receiver\":\"dadhinz@gmail.com\",\"Amount\":\"113000\",\"Fee\":\"5559\",\"Status\":1,\"StatusDesc\":\"Berhasil\",\"Type\":11,\"TypeDesc\":\"Convenience Store\",\"Notes\":\"Convenience Store ALFAMART\",\"CreatedDate\":\"2022-01-02 20:59:35\",\"ExpiredDate\":\"2022-01-03 19:59:35\",\"SuccessDate\":\"2022-01-02 21:00:30\",\"SettlementDate\":\"-\",\"PaymentChannel\":\"ALFAMART\",\"PaymentCode\":\"1001372181814\",\"BuyerName\":\"tertret\",\"BuyerPhone\":\"645645656464\",\"BuyerEmail\":\"harisanwar129@gmail.com\"},\"Message\":\"success\"}', '2022-01-08 16:57:37', '2022-01-08 16:57:37', 'IPayMu Check Transaction'),
(81, '{\"Status\":200,\"Data\":{\"TransactionId\":52402,\"SessionId\":\"A1CB4379-2C53-43FD-B319-79D95DA92F83\",\"ReferenceId\":null,\"RelatedId\":0,\"Sender\":\"System\",\"Receiver\":\"dadhinz@gmail.com\",\"Amount\":\"113000\",\"Fee\":\"5559\",\"Status\":1,\"StatusDesc\":\"Berhasil\",\"Type\":11,\"TypeDesc\":\"Convenience Store\",\"Notes\":\"Convenience Store ALFAMART\",\"CreatedDate\":\"2022-01-02 20:59:35\",\"ExpiredDate\":\"2022-01-03 19:59:35\",\"SuccessDate\":\"2022-01-02 21:00:30\",\"SettlementDate\":\"-\",\"PaymentChannel\":\"ALFAMART\",\"PaymentCode\":\"1001372181814\",\"BuyerName\":\"tertret\",\"BuyerPhone\":\"645645656464\",\"BuyerEmail\":\"harisanwar129@gmail.com\"},\"Message\":\"success\"}', '2022-01-08 17:43:40', '2022-01-08 17:43:40', 'IPayMu Check Transaction'),
(82, '{\"message\":\"Pesanan kurang dari 5000, maka tidak ada link pembayaran\"}', '2022-01-11 05:14:18', '2022-01-11 05:14:18', 'Free Transaction'),
(83, '{\"message\":\"Pesanan kurang dari 5000, maka tidak ada link pembayaran\"}', '2022-01-11 05:16:54', '2022-01-11 05:16:54', 'Free Transaction'),
(84, '{\"message\":\"Pesanan kurang dari 5000, maka tidak ada link pembayaran\"}', '2022-01-11 05:17:42', '2022-01-11 05:17:42', 'Free Transaction'),
(85, '{\"message\":\"Pesanan kurang dari 5000, maka tidak ada link pembayaran\"}', '2022-01-11 05:20:12', '2022-01-11 05:20:12', 'Free Transaction'),
(86, '{\"message\":\"Pesanan kurang dari 5000, maka tidak ada link pembayaran\"}', '2022-01-11 05:35:26', '2022-01-11 05:35:26', 'Free Transaction'),
(87, '{\"message\":\"Pesanan kurang dari 5000, maka tidak ada link pembayaran\"}', '2022-01-11 06:00:55', '2022-01-11 06:00:55', 'Free Transaction'),
(88, '{\"message\":\"Pesanan kurang dari 5000, maka tidak ada link pembayaran\"}', '2022-01-11 07:17:24', '2022-01-11 07:17:24', 'Free Transaction'),
(89, '{\"message\":\"Pesanan kurang dari 5000, maka tidak ada link pembayaran\"}', '2022-01-11 07:55:28', '2022-01-11 07:55:28', 'Free Transaction'),
(90, '{\"message\":\"Pesanan kurang dari 5000, maka tidak ada link pembayaran\"}', '2022-01-11 08:16:36', '2022-01-11 08:16:36', 'Free Transaction'),
(91, '{\"message\":\"Pesanan kurang dari 5000, maka tidak ada link pembayaran\"}', '2022-01-11 08:23:04', '2022-01-11 08:23:04', 'Free Transaction'),
(92, '{\"message\":\"Pesanan kurang dari 5000, maka tidak ada link pembayaran\"}', '2022-01-11 08:23:54', '2022-01-11 08:23:54', 'Free Transaction'),
(93, '{\"message\":\"Pesanan kurang dari 5000, maka tidak ada link pembayaran\"}', '2022-01-11 10:09:21', '2022-01-11 10:09:21', 'Free Transaction'),
(94, '{\"message\":\"Pesanan kurang dari 5000, maka tidak ada link pembayaran\"}', '2022-01-11 15:59:42', '2022-01-11 15:59:42', 'Free Transaction'),
(95, '{\"Status\":200,\"Data\":{\"SessionID\":\"2EFAD7E0-4A14-47A5-A875-AC17926C6937\",\"Url\":\"https:\\/\\/sandbox.ipaymu.com\\/payment\\/2EFAD7E0-4A14-47A5-A875-AC17926C6937\"},\"Message\":\"success\"}', '2022-01-11 23:45:23', '2022-01-11 23:45:23', 'IPayMu RedirectPayment'),
(96, '{\"Status\":200,\"Data\":{\"SessionID\":\"B62D42D4-13C3-42EE-A947-B06EC1CB0399\",\"Url\":\"https:\\/\\/sandbox.ipaymu.com\\/payment\\/B62D42D4-13C3-42EE-A947-B06EC1CB0399\"},\"Message\":\"success\"}', '2022-01-12 01:28:00', '2022-01-12 01:28:00', 'IPayMu RedirectPayment'),
(97, '{\"Status\":200,\"Data\":{\"SessionID\":\"B783B29D-4A1A-43B4-9F6A-C7D6FD2424FE\",\"Url\":\"https:\\/\\/sandbox.ipaymu.com\\/payment\\/B783B29D-4A1A-43B4-9F6A-C7D6FD2424FE\"},\"Message\":\"success\"}', '2022-01-12 01:47:34', '2022-01-12 01:47:34', 'IPayMu RedirectPayment'),
(98, 'HTTP/1.0 200 OK\r\nCache-Control: no-cache, private\r\nContent-Type:  application/json\r\nDate:          Wed, 12 Jan 2022 08:48:26 GMT\r\n\r\n{\"trx_id\":\"53342\",\"status\":\"pending\",\"status_code\":\"0\",\"via\":\"debitonline\",\"channel\":\"debitonline\",\"sid\":\"B783B29D-4A1A-43B4-9F6A-C7D6FD2424FE\",\"buyer_name\":\"haris\",\"buyer_email\":\"harisanwar129@gmail.com\",\"buyer_phone\":\"084282425122\",\"total\":\"77000\",\"fee\":\"3500\",\"expired_at\":\"2022-01-12 17:48:24\",\"url\":\"https:\\/\\/electroshop.diginese.my.id\\/api\\/v1\\/ipaymu\\/notify\"}', '2022-01-12 01:48:26', '2022-01-12 01:48:26', 'notify'),
(99, 'HTTP/1.0 200 OK\r\nCache-Control: no-cache, private\r\nContent-Type:  application/json\r\nDate:          Wed, 12 Jan 2022 08:49:10 GMT\r\n\r\n[]', '2022-01-12 01:49:10', '2022-01-12 01:49:10', 'cancel'),
(100, 'HTTP/1.0 200 OK\r\nCache-Control: no-cache, private\r\nContent-Type:  application/json\r\nDate:          Wed, 12 Jan 2022 08:51:00 GMT\r\n\r\n{\"trx_id\":\"53343\",\"status\":\"pending\",\"status_code\":\"0\",\"via\":\"va\",\"channel\":\"bag\",\"sid\":\"B62D42D4-13C3-42EE-A947-B06EC1CB0399\",\"virtual_account\":\"000051007576\",\"va\":\"000051007576\",\"displayName\":\"Dadin tertret\",\"buyer_name\":\"tertret\",\"buyer_email\":\"harisanwar129@gmail.com\",\"buyer_phone\":\"6546456552\",\"total\":\"5038500\",\"fee\":\"3500\",\"expired_at\":\"2022-01-13 15:50:57\",\"url\":\"https:\\/\\/electroshop.diginese.my.id\\/api\\/v1\\/ipaymu\\/notify\"}', '2022-01-12 01:51:00', '2022-01-12 01:51:00', 'notify'),
(101, '{\"Status\":200,\"Data\":{\"SessionID\":\"0C4D65C2-E153-4874-9515-CA935ECF621C\",\"Url\":\"https:\\/\\/sandbox.ipaymu.com\\/payment\\/0C4D65C2-E153-4874-9515-CA935ECF621C\"},\"Message\":\"success\"}', '2022-01-12 01:52:03', '2022-01-12 01:52:03', 'IPayMu RedirectPayment');
INSERT INTO `transaction_logs` (`id`, `response`, `created_at`, `updated_at`, `title`) VALUES
(102, 'HTTP/1.0 200 OK\r\nCache-Control: no-cache, private\r\nContent-Type:  application/json\r\nDate:          Wed, 12 Jan 2022 08:52:42 GMT\r\n\r\n{\"trx_id\":\"53344\",\"status\":\"pending\",\"status_code\":\"0\",\"via\":\"debitonline\",\"channel\":\"debitonline\",\"sid\":\"0C4D65C2-E153-4874-9515-CA935ECF621C\",\"buyer_name\":\"haris\",\"buyer_email\":\"harisanwar129@gmail.com\",\"buyer_phone\":\"084282425122\",\"total\":\"109000\",\"fee\":\"3500\",\"expired_at\":\"2022-01-12 17:52:40\",\"url\":\"https:\\/\\/electroshop.diginese.my.id\\/api\\/v1\\/ipaymu\\/notify\"}', '2022-01-12 01:52:42', '2022-01-12 01:52:42', 'notify'),
(103, 'HTTP/1.0 200 OK\r\nCache-Control: no-cache, private\r\nContent-Type:  application/json\r\nDate:          Wed, 12 Jan 2022 08:53:08 GMT\r\n\r\n{\"trx_id\":\"53344\",\"sid\":\"0C4D65C2-E153-4874-9515-CA935ECF621C\",\"status_code\":\"1\",\"status\":\"berhasil\",\"via\":\"debitonline\"}', '2022-01-12 01:53:08', '2022-01-12 01:53:08', 'notify'),
(104, '{\"Status\":200,\"Data\":{\"SessionID\":\"44A8E52B-7A82-43F7-BAE0-DF1EE0BAEB6A\",\"Url\":\"https:\\/\\/sandbox.ipaymu.com\\/payment\\/44A8E52B-7A82-43F7-BAE0-DF1EE0BAEB6A\"},\"Message\":\"success\"}', '2022-01-12 01:54:04', '2022-01-12 01:54:04', 'IPayMu RedirectPayment'),
(105, 'HTTP/1.0 200 OK\r\nCache-Control: no-cache, private\r\nContent-Type:  application/json\r\nDate:          Wed, 12 Jan 2022 08:54:27 GMT\r\n\r\n{\"trx_id\":\"53345\",\"status\":\"pending\",\"status_code\":\"0\",\"via\":\"qris\",\"channel\":\"bpdbali\",\"sid\":\"44A8E52B-7A82-43F7-BAE0-DF1EE0BAEB6A\",\"qrString\":\"00020101021226690017ID.CO.BPDBALI.WWW01189360012900000000790215ID20200000006620303UME51450015ID.OR.GPNQR.WWW0215ID10777777777210303UME5204727853033605405860005802ID5919Gemilang Jaya haris6008DENPASAR61058011262290108001533450703A010806O126616304F28F\",\"displayName\":\"Gemilang Jaya haris\",\"buyer_name\":\"haris\",\"buyer_email\":\"harisanwar129@gmail.com\",\"buyer_phone\":\"084282425122\",\"total\":\"86000\",\"fee\":\"1824\",\"expired_at\":\"2022-01-13 16:44:11\",\"url\":\"https:\\/\\/electroshop.diginese.my.id\\/api\\/v1\\/ipaymu\\/notify\"}', '2022-01-12 01:54:27', '2022-01-12 01:54:27', 'notify'),
(106, 'HTTP/1.0 200 OK\r\nCache-Control: no-cache, private\r\nContent-Type:  application/json\r\nDate:          Wed, 12 Jan 2022 08:55:04 GMT\r\n\r\n{\"trx_id\":\"53345\",\"sid\":\"44A8E52B-7A82-43F7-BAE0-DF1EE0BAEB6A\",\"status_code\":\"1\",\"status\":\"berhasil\",\"via\":\"qris\"}', '2022-01-12 01:55:04', '2022-01-12 01:55:04', 'notify'),
(107, '{\"Status\":200,\"Data\":{\"SessionID\":\"DAFC9FD6-CC35-4D30-896F-4C08B10B809D\",\"Url\":\"https:\\/\\/sandbox.ipaymu.com\\/payment\\/DAFC9FD6-CC35-4D30-896F-4C08B10B809D\"},\"Message\":\"success\"}', '2022-01-12 01:55:56', '2022-01-12 01:55:56', 'IPayMu RedirectPayment'),
(108, '{\"Status\":200,\"Data\":{\"SessionID\":\"BD678809-8863-4E14-9A81-47E4A639F89F\",\"Url\":\"https:\\/\\/sandbox.ipaymu.com\\/payment\\/BD678809-8863-4E14-9A81-47E4A639F89F\"},\"Message\":\"success\"}', '2022-01-12 03:38:56', '2022-01-12 03:38:56', 'IPayMu RedirectPayment');

-- --------------------------------------------------------

--
-- Table structure for table `users`
--

CREATE TABLE `users` (
  `id` bigint(20) UNSIGNED NOT NULL,
  `username` varchar(191) COLLATE utf8mb4_unicode_ci NOT NULL,
  `name` varchar(191) COLLATE utf8mb4_unicode_ci DEFAULT NULL,
  `email` varchar(191) COLLATE utf8mb4_unicode_ci NOT NULL,
  `avatar` varchar(191) COLLATE utf8mb4_unicode_ci DEFAULT NULL,
  `password` varchar(191) COLLATE utf8mb4_unicode_ci DEFAULT NULL,
  `phone` varchar(191) COLLATE utf8mb4_unicode_ci DEFAULT NULL,
  `role` varchar(191) COLLATE utf8mb4_unicode_ci NOT NULL DEFAULT 'MEMBER' COMMENT 'ADMIN,MEMBER,SELLER',
  `shop_name` varchar(191) COLLATE utf8mb4_unicode_ci DEFAULT NULL,
  `shop_desc` varchar(191) COLLATE utf8mb4_unicode_ci DEFAULT NULL,
  `shop_logo` varchar(191) COLLATE utf8mb4_unicode_ci DEFAULT NULL,
  `email_verified_at` timestamp NULL DEFAULT NULL,
  `remember_token` varchar(100) COLLATE utf8mb4_unicode_ci DEFAULT NULL,
  `created_at` timestamp NULL DEFAULT NULL,
  `updated_at` timestamp NULL DEFAULT NULL,
  `is_verified` int(11) NOT NULL DEFAULT 0,
  `address` text COLLATE utf8mb4_unicode_ci DEFAULT NULL
) ENGINE=InnoDB DEFAULT CHARSET=utf8mb4 COLLATE=utf8mb4_unicode_ci;

--
-- Dumping data for table `users`
--

INSERT INTO `users` (`id`, `username`, `name`, `email`, `avatar`, `password`, `phone`, `role`, `shop_name`, `shop_desc`, `shop_logo`, `email_verified_at`, `remember_token`, `created_at`, `updated_at`, `is_verified`, `address`) VALUES
(1, 'admin', 'Marketing Aplikasi', 'harisanwar@gmail.com', 'public/uploads/NhE1zO4xIK4lsd0c9OTz4IRYVsf11bVB.png', '$2y$10$Dq1zcQWJeplXQGiz7D9G9OWF0ydRS6LRcqqF9uqqgk0c1zb.Wjlsy', '085157139921', 'ADMIN', NULL, NULL, NULL, NULL, '6LZWCDOkuEGzVtEtwkpIUQhfLfSKwX68hvKWX4L1JE1c6IKgAdGp8ZJxwljS', NULL, '2021-12-27 20:20:03', 0, NULL),
(8, 'ahmadin', 'Muhamad Ahmadin', 'ahmadinations@gmail.com', NULL, '$2y$10$QWSrTL4k9rzIWCEOgYRGRuMSznwMFyA6HFeih0C72SbNV7viIUHWq', '089661030388', 'MEMBER', NULL, NULL, NULL, NULL, NULL, '2021-12-13 13:04:57', '2021-12-13 13:04:57', 0, NULL),
(9, 'harisanwar129', 'haris', 'harisanwar129@gmail.com', NULL, '$2y$10$94x2rp1dD8lt1WTcS6wGM.Gx9vPKy6TqHO.wBmNLMgzFS4KlXTwU2', '084282425122', 'MEMBER', NULL, NULL, NULL, NULL, NULL, '2021-12-14 01:45:06', '2022-01-12 01:30:51', 0, 'Cipanas Indonesia'),
(10, 'airanti129@gmail.com', 'Ai Ranti Mariska', 'airanti129@gmail.com', NULL, '$2y$10$mh7PuAGhnOqXnPoUV0jEf.pE04fUlnSHE733o.afIKU3e6UgDOicq', '087846689973', 'MEMBER', NULL, NULL, NULL, NULL, NULL, '2021-12-15 00:28:10', '2021-12-15 00:28:10', 0, NULL),
(11, 'udmin', 'Admin Aplikasi 2', 'devvv@gmail.com', NULL, '$2a$12$MR8DIIpuDumdtTr8cKWNaOu5zDZKW5r2ovx1oWHCv3NQQ/CdMnlF6', NULL, 'ADMIN', NULL, NULL, NULL, NULL, 'AWBp0AjFWQd3TTCOBhqefx9j0LM3PEFAPIG1dHYgaKLZPT4dpcPumb3poEEH', NULL, NULL, 0, NULL),
(12, 'ujangsuparman129', 'ujangsuparman129', 'ujangsuparman129@gmail.com', NULL, '$2y$10$jGmaDbOC0hBLVjlDBwiUGeGmdfRxWMwM/DOtiTBDZ0NPS6iqyTBcS', '0857885552245', 'MEMBER', NULL, NULL, NULL, NULL, NULL, '2021-12-28 01:20:49', '2021-12-28 01:20:49', 0, NULL),
(13, 'sandibuyur129', 'sandibuyur129', 'sandibuyur129@gmail.com', NULL, '$2y$10$yOAc0kI0uPMfM0cnS0dQ9eOOFInSeuYYCLew8P9g1VOBH5UWkDt3S', '09094504950', 'MEMBER', NULL, NULL, NULL, NULL, NULL, '2021-12-31 03:18:25', '2021-12-31 03:18:25', 0, NULL);

-- --------------------------------------------------------

--
-- Table structure for table `wishlists`
--

CREATE TABLE `wishlists` (
  `id` bigint(20) UNSIGNED NOT NULL,
  `user_id` bigint(20) UNSIGNED NOT NULL,
  `product_id` bigint(20) UNSIGNED NOT NULL,
  `created_at` timestamp NULL DEFAULT NULL,
  `updated_at` timestamp NULL DEFAULT NULL
) ENGINE=InnoDB DEFAULT CHARSET=utf8mb4 COLLATE=utf8mb4_unicode_ci;

--
-- Dumping data for table `wishlists`
--

INSERT INTO `wishlists` (`id`, `user_id`, `product_id`, `created_at`, `updated_at`) VALUES
(2, 8, 2, '2021-12-19 08:43:24', '2021-12-19 08:43:24');

--
-- Indexes for dumped tables
--

--
-- Indexes for table `cities`
--
ALTER TABLE `cities`
  ADD PRIMARY KEY (`id`);

--
-- Indexes for table `couriers`
--
ALTER TABLE `couriers`
  ADD PRIMARY KEY (`id`);

--
-- Indexes for table `error_logs`
--
ALTER TABLE `error_logs`
  ADD PRIMARY KEY (`id`);

--
-- Indexes for table `failed_jobs`
--
ALTER TABLE `failed_jobs`
  ADD PRIMARY KEY (`id`),
  ADD UNIQUE KEY `failed_jobs_uuid_unique` (`uuid`);

--
-- Indexes for table `menus`
--
ALTER TABLE `menus`
  ADD PRIMARY KEY (`id`);

--
-- Indexes for table `migrations`
--
ALTER TABLE `migrations`
  ADD PRIMARY KEY (`id`);

--
-- Indexes for table `pages`
--
ALTER TABLE `pages`
  ADD PRIMARY KEY (`id`);

--
-- Indexes for table `password_resets`
--
ALTER TABLE `password_resets`
  ADD KEY `password_resets_email_index` (`email`);

--
-- Indexes for table `personal_access_tokens`
--
ALTER TABLE `personal_access_tokens`
  ADD PRIMARY KEY (`id`),
  ADD UNIQUE KEY `personal_access_tokens_token_unique` (`token`),
  ADD KEY `personal_access_tokens_tokenable_type_tokenable_id_index` (`tokenable_type`,`tokenable_id`);

--
-- Indexes for table `products`
--
ALTER TABLE `products`
  ADD PRIMARY KEY (`id`);

--
-- Indexes for table `product_categories`
--
ALTER TABLE `product_categories`
  ADD PRIMARY KEY (`id`);

--
-- Indexes for table `product_galleries`
--
ALTER TABLE `product_galleries`
  ADD PRIMARY KEY (`id`);

--
-- Indexes for table `product_stocks`
--
ALTER TABLE `product_stocks`
  ADD PRIMARY KEY (`id`);

--
-- Indexes for table `provinces`
--
ALTER TABLE `provinces`
  ADD PRIMARY KEY (`id`);

--
-- Indexes for table `setting_webs`
--
ALTER TABLE `setting_webs`
  ADD PRIMARY KEY (`id`);

--
-- Indexes for table `sliders`
--
ALTER TABLE `sliders`
  ADD PRIMARY KEY (`id`);

--
-- Indexes for table `sub_menus`
--
ALTER TABLE `sub_menus`
  ADD PRIMARY KEY (`id`);

--
-- Indexes for table `transactions`
--
ALTER TABLE `transactions`
  ADD PRIMARY KEY (`id`);

--
-- Indexes for table `transaction_items`
--
ALTER TABLE `transaction_items`
  ADD PRIMARY KEY (`id`);

--
-- Indexes for table `transaction_logs`
--
ALTER TABLE `transaction_logs`
  ADD PRIMARY KEY (`id`);

--
-- Indexes for table `users`
--
ALTER TABLE `users`
  ADD PRIMARY KEY (`id`),
  ADD UNIQUE KEY `users_username_unique` (`username`),
  ADD UNIQUE KEY `users_email_unique` (`email`);

--
-- Indexes for table `wishlists`
--
ALTER TABLE `wishlists`
  ADD PRIMARY KEY (`id`);

--
-- AUTO_INCREMENT for dumped tables
--

--
-- AUTO_INCREMENT for table `cities`
--
ALTER TABLE `cities`
  MODIFY `id` bigint(20) UNSIGNED NOT NULL AUTO_INCREMENT, AUTO_INCREMENT=502;

--
-- AUTO_INCREMENT for table `couriers`
--
ALTER TABLE `couriers`
  MODIFY `id` bigint(20) UNSIGNED NOT NULL AUTO_INCREMENT, AUTO_INCREMENT=4;

--
-- AUTO_INCREMENT for table `error_logs`
--
ALTER TABLE `error_logs`
  MODIFY `id` bigint(20) UNSIGNED NOT NULL AUTO_INCREMENT, AUTO_INCREMENT=6;

--
-- AUTO_INCREMENT for table `failed_jobs`
--
ALTER TABLE `failed_jobs`
  MODIFY `id` bigint(20) UNSIGNED NOT NULL AUTO_INCREMENT;

--
-- AUTO_INCREMENT for table `menus`
--
ALTER TABLE `menus`
  MODIFY `id` bigint(20) UNSIGNED NOT NULL AUTO_INCREMENT, AUTO_INCREMENT=12;

--
-- AUTO_INCREMENT for table `migrations`
--
ALTER TABLE `migrations`
  MODIFY `id` int(10) UNSIGNED NOT NULL AUTO_INCREMENT, AUTO_INCREMENT=50;

--
-- AUTO_INCREMENT for table `pages`
--
ALTER TABLE `pages`
  MODIFY `id` bigint(20) UNSIGNED NOT NULL AUTO_INCREMENT, AUTO_INCREMENT=4;

--
-- AUTO_INCREMENT for table `personal_access_tokens`
--
ALTER TABLE `personal_access_tokens`
  MODIFY `id` bigint(20) UNSIGNED NOT NULL AUTO_INCREMENT;

--
-- AUTO_INCREMENT for table `products`
--
ALTER TABLE `products`
  MODIFY `id` bigint(20) UNSIGNED NOT NULL AUTO_INCREMENT, AUTO_INCREMENT=12;

--
-- AUTO_INCREMENT for table `product_categories`
--
ALTER TABLE `product_categories`
  MODIFY `id` bigint(20) UNSIGNED NOT NULL AUTO_INCREMENT, AUTO_INCREMENT=28;

--
-- AUTO_INCREMENT for table `product_galleries`
--
ALTER TABLE `product_galleries`
  MODIFY `id` bigint(20) UNSIGNED NOT NULL AUTO_INCREMENT, AUTO_INCREMENT=18;

--
-- AUTO_INCREMENT for table `product_stocks`
--
ALTER TABLE `product_stocks`
  MODIFY `id` bigint(20) UNSIGNED NOT NULL AUTO_INCREMENT, AUTO_INCREMENT=63;

--
-- AUTO_INCREMENT for table `provinces`
--
ALTER TABLE `provinces`
  MODIFY `id` bigint(20) UNSIGNED NOT NULL AUTO_INCREMENT, AUTO_INCREMENT=35;

--
-- AUTO_INCREMENT for table `setting_webs`
--
ALTER TABLE `setting_webs`
  MODIFY `id` bigint(20) UNSIGNED NOT NULL AUTO_INCREMENT, AUTO_INCREMENT=2;

--
-- AUTO_INCREMENT for table `sliders`
--
ALTER TABLE `sliders`
  MODIFY `id` bigint(20) UNSIGNED NOT NULL AUTO_INCREMENT, AUTO_INCREMENT=9;

--
-- AUTO_INCREMENT for table `sub_menus`
--
ALTER TABLE `sub_menus`
  MODIFY `id` bigint(20) UNSIGNED NOT NULL AUTO_INCREMENT, AUTO_INCREMENT=12;

--
-- AUTO_INCREMENT for table `transactions`
--
ALTER TABLE `transactions`
  MODIFY `id` bigint(20) UNSIGNED NOT NULL AUTO_INCREMENT, AUTO_INCREMENT=42;

--
-- AUTO_INCREMENT for table `transaction_items`
--
ALTER TABLE `transaction_items`
  MODIFY `id` bigint(20) UNSIGNED NOT NULL AUTO_INCREMENT, AUTO_INCREMENT=52;

--
-- AUTO_INCREMENT for table `transaction_logs`
--
ALTER TABLE `transaction_logs`
  MODIFY `id` bigint(20) UNSIGNED NOT NULL AUTO_INCREMENT, AUTO_INCREMENT=109;

--
-- AUTO_INCREMENT for table `users`
--
ALTER TABLE `users`
  MODIFY `id` bigint(20) UNSIGNED NOT NULL AUTO_INCREMENT, AUTO_INCREMENT=14;

--
-- AUTO_INCREMENT for table `wishlists`
--
ALTER TABLE `wishlists`
  MODIFY `id` bigint(20) UNSIGNED NOT NULL AUTO_INCREMENT, AUTO_INCREMENT=9;
COMMIT;

/*!40101 SET CHARACTER_SET_CLIENT=@OLD_CHARACTER_SET_CLIENT */;
/*!40101 SET CHARACTER_SET_RESULTS=@OLD_CHARACTER_SET_RESULTS */;
/*!40101 SET COLLATION_CONNECTION=@OLD_COLLATION_CONNECTION */;
